Bahasa,Verse ID,Book Name,Book Number,Chapter,Verse,Text,Note
ind,1.0,Kejadian,1.0,1.0,1.0,Pada mulanya Allah menciptakan langit dan bumi.,adalah awal mula
ind,2.0,Kejadian,1.0,1.0,2.0,"Bumi belum berbentuk dan kosong; gelap gulita menutupi samudera raya, dan Roh Allah melayang-layang di atas permukaan air."
ind,3.0,Kejadian,1.0,1.0,3.0,"Berfirmanlah Allah: ""Jadilah terang."" Lalu terang itu jadi."
ind,4.0,Kejadian,1.0,1.0,4.0,"Allah melihat bahwa terang itu baik, lalu dipisahkan-Nyalah terang itu dari gelap."
ind,5.0,Kejadian,1.0,1.0,5.0,"Dan Allah menamai terang itu siang, dan gelap itu malam. Jadilah petang dan jadilah pagi, itulah hari pertama."
ind,6.0,Kejadian,1.0,1.0,6.0,"Berfirmanlah Allah: ""Jadilah cakrawala di tengah segala air untuk memisahkan air dari air."""
ind,7.0,Kejadian,1.0,1.0,7.0,Maka Allah menjadikan cakrawala dan Ia memisahkan air yang ada di bawah cakrawala itu dari air yang ada di atasnya. Dan jadilah demikian.
ind,8.0,Kejadian,1.0,1.0,8.0,"Lalu Allah menamai cakrawala itu langit. Jadilah petang dan jadilah pagi, itulah hari kedua."
ind,9.0,Kejadian,1.0,1.0,9.0,"Berfirmanlah Allah: ""Hendaklah segala air yang di bawah langit berkumpul pada satu tempat, sehingga kelihatan yang kering."" Dan jadilah demikian."
ind,10.0,Kejadian,1.0,1.0,10.0,"Lalu Allah menamai yang kering itu darat, dan kumpulan air itu dinamai-Nya laut. Allah melihat bahwa semuanya itu baik."
ind,11.0,Kejadian,1.0,1.0,11.0,"Berfirmanlah Allah: ""Hendaklah tanah menumbuhkan tunas-tunas muda, tumbuh-tumbuhan yang berbiji, segala jenis pohon buah-buahan yang menghasilkan buah yang berbiji, supaya ada tumbuh-tumbuhan di bumi."" Dan jadilah demikian."
ind,12.0,Kejadian,1.0,1.0,12.0,"Tanah itu menumbuhkan tunas-tunas muda, segala jenis tumbuh-tumbuhan yang berbiji dan segala jenis pohon-pohonan yang menghasilkan buah yang berbiji. Allah melihat bahwa semuanya itu baik."
ind,13.0,Kejadian,1.0,1.0,13.0,"Jadilah petang dan jadilah pagi, itulah hari ketiga."
ind,14.0,Kejadian,1.0,1.0,14.0,"Berfirmanlah Allah: ""Jadilah benda-benda penerang pada cakrawala untuk memisahkan siang dari malam. Biarlah benda-benda penerang itu menjadi tanda yang menunjukkan masa-masa yang tetap dan hari-hari dan tahun-tahun,"
ind,15.0,Kejadian,1.0,1.0,15.0,"dan sebagai penerang pada cakrawala biarlah benda-benda itu menerangi bumi."" Dan jadilah demikian."
ind,16.0,Kejadian,1.0,1.0,16.0,"Maka Allah menjadikan kedua benda penerang yang besar itu, yakni yang lebih besar untuk menguasai siang dan yang lebih kecil untuk menguasai malam, dan menjadikan juga bintang-bintang."
ind,17.0,Kejadian,1.0,1.0,17.0,"Allah menaruh semuanya itu di cakrawala untuk menerangi bumi,"
ind,18.0,Kejadian,1.0,1.0,18.0,"dan untuk menguasai siang dan malam, dan untuk memisahkan terang dari gelap. Allah melihat bahwa semuanya itu baik."
ind,19.0,Kejadian,1.0,1.0,19.0,"Jadilah petang dan jadilah pagi, itulah hari keempat."
ind,20.0,Kejadian,1.0,1.0,20.0,"Berfirmanlah Allah: ""Hendaklah dalam air berkeriapan makhluk yang hidup, dan hendaklah burung beterbangan di atas bumi melintasi cakrawala."""
ind,21.0,Kejadian,1.0,1.0,21.0,"Maka Allah menciptakan binatang-binatang laut yang besar dan segala jenis makhluk hidup yang bergerak, yang berkeriapan dalam air, dan segala jenis burung yang bersayap. Allah melihat bahwa semuanya itu baik."
ind,22.0,Kejadian,1.0,1.0,22.0,"Lalu Allah memberkati semuanya itu, firman-Nya: ""Berkembangbiaklah dan bertambah banyaklah serta penuhilah air dalam laut, dan hendaklah burung-burung di bumi bertambah banyak."""
ind,23.0,Kejadian,1.0,1.0,23.0,"Jadilah petang dan jadilah pagi, itulah hari kelima."
ind,24.0,Kejadian,1.0,1.0,24.0,"Berfirmanlah Allah: ""Hendaklah bumi mengeluarkan segala jenis makhluk yang hidup, ternak dan binatang melata dan segala jenis binatang liar."" Dan jadilah demikian."
ind,25.0,Kejadian,1.0,1.0,25.0,Allah menjadikan segala jenis binatang liar dan segala jenis ternak dan segala jenis binatang melata di muka bumi. Allah melihat bahwa semuanya itu baik.
ind,26.0,Kejadian,1.0,1.0,26.0,"Berfirmanlah Allah: ""Baiklah Kita menjadikan manusia menurut gambar dan rupa Kita, supaya mereka berkuasa atas ikan-ikan di laut dan burung-burung di udara dan atas ternak dan atas seluruh bumi dan atas segala binatang melata yang merayap di bumi."""
ind,27.0,Kejadian,1.0,1.0,27.0,"Maka Allah menciptakan manusia itu menurut gambar-Nya, menurut gambar Allah diciptakan-Nya dia; laki-laki dan perempuan diciptakan-Nya mereka."
ind,28.0,Kejadian,1.0,1.0,28.0,"Allah memberkati mereka, lalu Allah berfirman kepada mereka: ""Beranakcuculah dan bertambah banyak; penuhilah bumi dan taklukkanlah itu, berkuasalah atas ikan-ikan di laut dan burung-burung di udara dan atas segala binatang yang merayap di bumi."""
ind,29.0,Kejadian,1.0,1.0,29.0,"Berfirmanlah Allah: ""Lihatlah, Aku memberikan kepadamu segala tumbuh-tumbuhan yang berbiji di seluruh bumi dan segala pohon-pohonan yang buahnya berbiji; itulah akan menjadi makananmu."
ind,30.0,Kejadian,1.0,1.0,30.0,"Tetapi kepada segala binatang di bumi dan segala burung di udara dan segala yang merayap di bumi, yang bernyawa, Kuberikan segala tumbuh-tumbuhan hijau menjadi makanannya."" Dan jadilah demikian."
ind,31.0,Kejadian,1.0,1.0,31.0,"Maka Allah melihat segala yang dijadikan-Nya itu, sungguh amat baik. Jadilah petang dan jadilah pagi, itulah hari keenam."
ind,32.0,Kejadian,1.0,2.0,1.0,Demikianlah diselesaikan langit dan bumi dan segala isinya.
ind,33.0,Kejadian,1.0,2.0,2.0,"Ketika Allah pada hari ketujuh telah menyelesaikan pekerjaan yang dibuat-Nya itu, berhentilah Ia pada hari ketujuh dari segala pekerjaan yang telah dibuat-Nya itu."
ind,34.0,Kejadian,1.0,2.0,3.0,"Lalu Allah memberkati hari ketujuh itu dan menguduskannya, karena pada hari itulah Ia berhenti dari segala pekerjaan penciptaan yang telah dibuat-Nya itu."
ind,35.0,Kejadian,1.0,2.0,4.0,"Demikianlah riwayat langit dan bumi pada waktu diciptakan. Ketika TUHAN Allah menjadikan bumi dan langit, --"
ind,36.0,Kejadian,1.0,2.0,5.0,"belum ada semak apapun di bumi, belum timbul tumbuh-tumbuhan apapun di padang, sebab TUHAN Allah belum menurunkan hujan ke bumi, dan belum ada orang untuk mengusahakan tanah itu;"
ind,37.0,Kejadian,1.0,2.0,6.0,tetapi ada kabut naik ke atas dari bumi dan membasahi seluruh permukaan bumi itu--
ind,38.0,Kejadian,1.0,2.0,7.0,ketika itulah TUHAN Allah membentuk manusia itu dari debu tanah dan menghembuskan nafas hidup ke dalam hidungnya; demikianlah manusia itu menjadi makhluk yang hidup.
ind,39.0,Kejadian,1.0,2.0,8.0,"Selanjutnya TUHAN Allah membuat taman di Eden, di sebelah timur; disitulah ditempatkan-Nya manusia yang dibentuk-Nya itu."
ind,40.0,Kejadian,1.0,2.0,9.0,"Lalu TUHAN Allah menumbuhkan berbagai-bagai pohon dari bumi, yang menarik dan yang baik untuk dimakan buahnya; dan pohon kehidupan di tengah-tengah taman itu, serta pohon pengetahuan tentang yang baik dan yang jahat."
chs,1.0,创世记,1.0,1.0,1.0,起 初 ， 神 創 造 天 地 。
chs,2.0,创世记,1.0,1.0,2.0,地 是 空 虛 混 沌 ， 淵 面 黑 暗 ； 神 的 靈 運 行 在 水 面 上 。
chs,3.0,创世记,1.0,1.0,3.0,神 說 ： 要 有 光 ， 就 有 了 光 。
chs,4.0,创世记,1.0,1.0,4.0,神 看 光 是 好 的 ， 就 把 光 暗 分 開 了 。
chs,5.0,创世记,1.0,1.0,5.0,神 稱 光 為 晝 ， 稱 暗 為 夜 。 有 晚 上 ， 有 早 晨 ， 這 是 頭 一 日 。
chs,6.0,创世记,1.0,1.0,6.0,神 說 ： 諸 水 之 間 要 有 空 氣 ， 將 水 分 為 上 下 。
chs,7.0,创世记,1.0,1.0,7.0,神 就 造 出 空 氣 ， 將 空 氣 以 下 的 水 、 空 氣 以 上 的 水 分 開 了 。 事 就 這 樣 成 了 。
chs,8.0,创世记,1.0,1.0,8.0,神 稱 空 氣 為 天 。 有 晚 上 ， 有 早 晨 ， 是 第 二 日 。
chs,9.0,创世记,1.0,1.0,9.0,神 說 ： 天 下 的 水 要 聚 在 一 處 ， 使 旱 地 露 出 來 。 事 就 這 樣 成 了 。
chs,10.0,创世记,1.0,1.0,10.0,神 稱 旱 地 為 地 ， 稱 水 的 聚 處 為 海 。 神 看 著 是 好 的 。
chs,11.0,创世记,1.0,1.0,11.0,神 說 ： 地 要 發 生 青 草 和 結 種 子 的 菜 蔬 ， 並 結 果 子 的 樹 木 ， 各 從 其 類 ， 果 子 都 包 著 核 。 事 就 這 樣 成 了 。
chs,12.0,创世记,1.0,1.0,12.0,於 是 地 發 生 了 青 草 和 結 種 子 的 菜 蔬 ， 各 從 其 類 ； 並 結 果 子 的 樹 木 ， 各 從 其 類 ； 果 子 都 包 著 核 。 神 看 著 是 好 的 。
chs,13.0,创世记,1.0,1.0,13.0,有 晚 上 ， 有 早 晨 ， 是 第 三 日 。
chs,14.0,创世记,1.0,1.0,14.0,神 說 ： 天 上 要 有 光 體 ， 可 以 分 晝 夜 ， 作 記 號 ， 定 節 令 、 日 子 、 年 歲 ，
chs,15.0,创世记,1.0,1.0,15.0,並 要 發 光 在 天 空 ， 普 照 在 地 上 。 事 就 這 樣 成 了 。
chs,16.0,创世记,1.0,1.0,16.0,於 是 神 造 了 兩 個 大 光 ， 大 的 管 晝 ， 小 的 管 夜 ， 又 造 眾 星 ，
chs,17.0,创世记,1.0,1.0,17.0,就 把 這 些 光 擺 列 在 天 空 ， 普 照 在 地 上 ，
chs,18.0,创世记,1.0,1.0,18.0,管 理 晝 夜 ， 分 別 明 暗 。 神 看 著 是 好 的 。
chs,19.0,创世记,1.0,1.0,19.0,有 晚 上 ， 有 早 晨 ， 是 第 四 日 。
chs,20.0,创世记,1.0,1.0,20.0,神 說 ： 水 要 多 多 滋 生 有 生 命 的 物 ； 要 有 雀 鳥 飛 在 地 面 以 上 ， 天 空 之 中 。
chs,21.0,创世记,1.0,1.0,21.0,神 就 造 出 大 魚 和 水 中 所 滋 生 各 樣 有 生 命 的 動 物 ， 各 從 其 類 ； 又 造 出 各 樣 飛 鳥 ， 各 從 其 類 。 神 看 著 是 好 的 。
chs,22.0,创世记,1.0,1.0,22.0,神 就 賜 福 給 這 一 切 ， 說 ： 滋 生 繁 多 ， 充 滿 海 中 的 水 ； 雀 鳥 也 要 多 生 在 地 上 。
chs,23.0,创世记,1.0,1.0,23.0,有 晚 上 ， 有 早 晨 ， 是 第 五 日 。
chs,24.0,创世记,1.0,1.0,24.0,神 說 ： 地 要 生 出 活 物 來 ， 各 從 其 類 ； 牲 畜 、 昆 蟲 、 地 上 的 野 獸 ， 各 從 其 類 。 事 就 這 樣 成 了 。
chs,25.0,创世记,1.0,1.0,25.0,於 是 神 造 出 野 獸 ， 各 從 其 類 ； 牲 畜 ， 各 從 其 類 ； 地 上 一 切 昆 蟲 ， 各 從 其 類 。 神 看 著 是 好 的 。
chs,26.0,创世记,1.0,1.0,26.0,神 說 ： 我 們 要 照 著 我 們 的 形 像 、 按 著 我 們 的 樣 式 造 人 ， 使 他 們 管 理 海 裡 的 魚 、 空 中 的 鳥 、 地 上 的 牲 畜 ， 和 全 地 ， 並 地 上 所 爬 的 一 切 昆 蟲 。
chs,27.0,创世记,1.0,1.0,27.0,神 就 照 著 自 己 的 形 像 造 人 ， 乃 是 照 著 他 的 形 像 造 男 造 女 。
chs,28.0,创世记,1.0,1.0,28.0,神 就 賜 福 給 他 們 ， 又 對 他 們 說 ： 要 生 養 眾 多 ， 遍 滿 地 面 ， 治 理 這 地 ， 也 要 管 理 海 裡 的 魚 、 空 中 的 鳥 ， 和 地 上 各 樣 行 動 的 活 物 。
chs,29.0,创世记,1.0,1.0,29.0,神 說 ： 看 哪 ， 我 將 遍 地 上 一 切 結 種 子 的 菜 蔬 和 一 切 樹 上 所 結 有 核 的 果 子 全 賜 給 你 們 作 食 物 。
chs,30.0,创世记,1.0,1.0,30.0,至 於 地 上 的 走 獸 和 空 中 的 飛 鳥 ， 並 各 樣 爬 在 地 上 有 生 命 的 物 ， 我 將 青 草 賜 給 他 們 作 食 物 。 事 就 這 樣 成 了 。
chs,31.0,创世记,1.0,1.0,31.0,神 看 著 一 切 所 造 的 都 甚 好 。 有 晚 上 ， 有 早 晨 ， 是 第 六 日 。
chs,32.0,创世记,1.0,2.0,1.0,天 地 萬 物 都 造 齊 了 。
chs,33.0,创世记,1.0,2.0,2.0,到 第 七 日 ， 神 造 物 的 工 已 經 完 畢 ， 就 在 第 七 日 歇 了 他 一 切 的 工 ， 安 息 了 。
chs,34.0,创世记,1.0,2.0,3.0,神 賜 福 給 第 七 日 ， 定 為 聖 日 ； 因 為 在 這 日 ， 神 歇 了 他 一 切 創 造 的 工 ， 就 安 息 了 。
chs,35.0,创世记,1.0,2.0,4.0,創 造 天 地 的 來 歷 ， 在 耶 和 華 神 造 天 地 的 日 子 ， 乃 是 這 樣 ，
chs,36.0,创世记,1.0,2.0,5.0,野 地 還 沒 有 草 木 ， 田 間 的 菜 蔬 還 沒 有 長 起 來 ； 因 為 耶 和 華 神 還 沒 有 降 雨 在 地 上 ， 也 沒 有 人 耕 地 ，
chs,37.0,创世记,1.0,2.0,6.0,但 有 霧 氣 從 地 上 騰 ， 滋 潤 遍 地 。
chs,38.0,创世记,1.0,2.0,7.0,耶 和 華 神 用 地 上 的 塵 土 造 人 ， 將 生 氣 吹 在 他 鼻 孔 裡 ， 他 就 成 了 有 靈 的 活 人 ， 名 叫 亞 當 。
chs,39.0,创世记,1.0,2.0,8.0,耶 和 華 神 在 東 方 的 伊 甸 立 了 一 個 園 子 ， 把 所 造 的 人 安 置 在 那 裡 。
chs,40.0,创世记,1.0,2.0,9.0,耶 和 華 神 使 各 樣 的 樹 從 地 裡 長 出 來 ， 可 以 悅 人 的 眼 目 ， 其 上 的 果 子 好 作 食 物 。 園 子 當 中 又 有 生 命 樹 和 分 別 善 惡 的 樹 。
kjv,1.0,Genesis,1.0,1.0,1.0,In the beginning{H7225} God{H430} created{H1254}{(H8804)}{H853} the heaven{H8064} and{H853} the earth{H776}.
kjv,2.0,Genesis,1.0,1.0,2.0,"And the earth{H776} was{H1961}{(H8804)} without form{H8414}, and void{H922}; and darkness{H2822} was upon the face{H6440} of the deep{H8415}. And the Spirit{H7307} of God{H430} moved{H7363}{(H8764)} upon{H5921} the face{H6440} of the waters{H4325}."
kjv,3.0,Genesis,1.0,1.0,3.0,"And God{H430} said{H559}{(H8799)}, Let there be{H1961}{(H8799)} light{H216}: and there was light{H216}."
kjv,4.0,Genesis,1.0,1.0,4.0,"And God{H430} saw{H7200}{(H8799)}{H853} the light{H216}, that{H3588} it was good{H2896}: and God{H430} divided{H914}{(H8686)}{H996} the light{H216} from{H996} the darkness{H2822}."
kjv,5.0,Genesis,1.0,1.0,5.0,"And God{H430} called{H7121}{(H8799)} the light{H216} Day{H3117}, and the darkness{H2822} he called{H7121}{(H8804)} Night{H3915}. And the evening{H6153} and the morning{H1242} were the first{H259} day{H3117}."
kjv,6.0,Genesis,1.0,1.0,6.0,"And God{H430} said{H559}{(H8799)}, Let there be a firmament{H7549} in the midst{H8432} of the waters{H4325}, and let it divide{H914}{(H8688)} the waters{H4325} from the waters{H4325}."
kjv,7.0,Genesis,1.0,1.0,7.0,"And God{H430} made{H6213}{(H8799)} the firmament{H7549}, and divided{H914}{(H8686)} the waters{H4325} which{H834} were under{H8478} the firmament{H7549} from the waters{H4325} which{H834} were above{H5921} the firmament{H7549}: and it was so{H3651}."
kjv,8.0,Genesis,1.0,1.0,8.0,And God{H430} called{H7121}{(H8799)} the firmament{H7549} Heaven{H8064}. And the evening{H6153} and the morning{H1242} were the second{H8145} day{H3117}.
kjv,9.0,Genesis,1.0,1.0,9.0,"And God{H430} said{H559}{(H8799)}, Let the waters{H4325} under the heaven{H8064} be gathered together{H6960}{(H8735)} unto{H413} one{H259} place{H4725}, and let the dry{H3004} land appear{H7200}{(H8735)}: and it was so."
kjv,10.0,Genesis,1.0,1.0,10.0,And God{H430} called{H7121}{(H8799)} the dry{H3004} land Earth{H776}; and the gathering together{H4723} of the waters{H4325} called{H7121}{(H8804)} he Seas{H3220}: and God{H430} saw{H7200}{(H8799)} that it was good{H2896}.
kjv,11.0,Genesis,1.0,1.0,11.0,"And God{H430} said{H559}{(H8799)}, Let the earth{H776} bring forth{H1876}{(H8686)} grass{H1877}, the herb{H6212} yielding{H2232}{(H8688)} seed{H2233}, and the fruit{H6529} tree{H6086} yielding{H6213}{(H8802)} fruit{H6529} after his kind{H4327}, whose{H834} seed{H2233} is in itself, upon the earth{H776}: and it was so."
kjv,12.0,Genesis,1.0,1.0,12.0,"And the earth{H776} brought forth{H3318}{(H8686)} grass{H1877}, and herb{H6212} yielding{H2232}{(H8688)} seed{H2233} after his kind{H4327}, and the tree{H6086} yielding{H6213}{(H8802)} fruit{H6529}, whose seed{H2233} was in itself, after his kind{H4327}: and God{H430} saw{H7200}{(H8799)} that it was good{H2896}."
kjv,13.0,Genesis,1.0,1.0,13.0,And the evening{H6153} and the morning{H1242} were the third{H7992} day{H3117}.
kjv,14.0,Genesis,1.0,1.0,14.0,"And God{H430} said{H559}{(H8799)}, Let there be lights{H3974} in the firmament{H7549} of the heaven{H8064} to divide{H914}{(H8687)} the day{H3117} from the night{H3915}; and let them be for signs{H226}, and for seasons{H4150}, and for days{H3117}, and years{H8141}:"
kjv,15.0,Genesis,1.0,1.0,15.0,And let them be for lights{H3974} in the firmament{H7549} of the heaven{H8064} to give light{H215}{(H8687)} upon the earth{H776}: and it was so.
kjv,16.0,Genesis,1.0,1.0,16.0,"And God{H430} made{H6213}{(H8799)} two{H8147} great{H1419} lights{H3974}; the greater{H1419} light{H3974} to rule{H4475} the day{H3117}, and the lesser{H6996} light{H3974} to rule{H4475} the night{H3915}: he made the stars{H3556} also."
kjv,17.0,Genesis,1.0,1.0,17.0,"And God{H430} set{H5414}{(H8799)} them in the firmament{H7549} of the heaven{H8064} to give light{H215}{(H8687)} upon the earth{H776},"
kjv,18.0,Genesis,1.0,1.0,18.0,"And to rule{H4910}{(H8800)} over the day{H3117} and over the night{H3915}, and to divide{H914}{(H8687)} the light{H216} from the darkness{H2822}: and God{H430} saw{H7200}{(H8799)} that it was good{H2896}."
kjv,19.0,Genesis,1.0,1.0,19.0,And the evening{H6153} and the morning{H1242} were the fourth{H7243} day{H3117}.
kjv,20.0,Genesis,1.0,1.0,20.0,"And God{H430} said{H559}{(H8799)}, Let the waters{H4325} bring forth abundantly{H8317}{(H8799)} the moving creature{H8318} that hath{H5315} life{H2416}, and fowl{H5775} that may fly{H5774}{(H8787)} above{H5921} the earth{H776} in the open{H6440} firmament{H7549} of heaven{H8064}."
kjv,21.0,Genesis,1.0,1.0,21.0,"And God{H430} created{H1254}{(H8799)} great{H1419} whales{H8577}, and every living{H2416} creature{H5315} that moveth{H7430}{(H8802)}, which the waters{H4325} brought forth abundantly{H8317}{(H8804)}, after their kind{H4327}, and every winged{H3671} fowl{H5775} after his kind{H4327}: and God{H430} saw{H7200}{(H8799)} that it was good{H2896}."
kjv,22.0,Genesis,1.0,1.0,22.0,"And God{H430} blessed{H1288}{(H8762)} them, saying{H559}{(H8800)}, Be fruitful{H6509}{(H8798)}, and multiply{H7235}{(H8798)}, and fill{H4390}{(H8798)} the waters{H4325} in the seas{H3220}, and let fowl{H5775} multiply{H7235}{(H8799)} in the earth{H776}."
kjv,23.0,Genesis,1.0,1.0,23.0,And the evening{H6153} and the morning{H1242} were the fifth{H2549} day{H3117}.
kjv,24.0,Genesis,1.0,1.0,24.0,"And God{H430} said{H559}{(H8799)}, Let the earth{H776} bring forth{H3318}{(H8686)} the living{H2416} creature{H5315} after his kind{H4327}, cattle{H929}, and creeping thing{H7431}, and beast{H2416} of the earth{H776} after his kind{H4327}: and it was so."
kjv,25.0,Genesis,1.0,1.0,25.0,"And God{H430} made{H6213}{(H8799)} the beast{H2416} of the earth{H776} after his kind{H4327}, and cattle{H929} after their kind{H4327}, and every thing that creepeth{H7431} upon the earth{H127} after his kind{H4327}: and God{H430} saw{H7200}{(H8799)} that it was good{H2896}."
kjv,26.0,Genesis,1.0,1.0,26.0,"And God{H430} said{H559}{(H8799)}, Let us make{H6213}{(H8799)} man{H120} in our image{H6754}, after our likeness{H1823}: and let them have dominion{H7287}{(H8799)} over the fish{H1710} of the sea{H3220}, and over the fowl{H5775} of the air{H8064}, and over the cattle{H929}, and over all the earth{H776}, and over every creeping thing{H7431} that creepeth{H7430}{(H8802)} upon the earth{H776}."
kjv,27.0,Genesis,1.0,1.0,27.0,"So God{H430} created{H1254}{(H8799)} man{H120} in his own image{H6754}, in the image{H6754} of God{H430} created{H1254}{(H8804)} he him; male{H2145} and female{H5347} created{H1254}{(H8804)} he them."
kjv,28.0,Genesis,1.0,1.0,28.0,"And God{H430} blessed{H1288}{(H8762)} them, and God{H430} said{H559}{(H8799)} unto them, Be fruitful{H6509}{(H8798)}, and multiply{H7235}{(H8798)}, and replenish{H4390}{(H8798)} the earth{H776}, and subdue it{H3533}{(H8798)}: and have dominion{H7287}{(H8798)} over the fish{H1710} of the sea{H3220}, and over the fowl{H5775} of the air{H8064}, and over every living thing{H2416} that moveth{H7430}{(H8802)} upon the earth{H776}."
kjv,29.0,Genesis,1.0,1.0,29.0,"And God{H430} said{H559}{(H8799)}, Behold{H2009}, I have given{H5414}{(H8804)} you every herb{H6212} bearing{H2232}{(H8802)} seed{H2233}, which is upon the face{H6440} of all the earth{H776}, and every tree{H6086}, in the which is the fruit{H6529} of a tree{H6086} yielding{H2232}{(H8802)} seed{H2233}; to you it shall be{H1961}{(H8799)} for meat{H402}."
kjv,30.0,Genesis,1.0,1.0,30.0,"And to every beast{H2416} of the earth{H776}, and to every fowl{H5775} of the air{H8064}, and to every thing that creepeth{H7430}{(H8802)} upon the earth{H776}, wherein there is life{H2416}{H5315}, I have given every green{H3418} herb{H6212} for meat{H402}: and it was so."
kjv,31.0,Genesis,1.0,1.0,31.0,"And God{H430} saw{H7200}{(H8799)} every thing that{H834} he had made{H6213}{(H8804)}, and, behold, it was very{H3966} good{H2896}. And the evening{H6153} and the morning{H1242} were the sixth{H8345} day{H3117}."
kjv,32.0,Genesis,1.0,2.0,1.0,"Thus the heavens{H8064} and the earth{H776} were finished{H3615}{(H8792)}, and all the host of them{H6635}."
kjv,33.0,Genesis,1.0,2.0,2.0,And on the seventh{H7637} day{H3117} God{H430} ended{H3615}{(H8762)} his work{H4399} which he had made{H6213}{(H8804)}; and he rested{H7673}{(H8799)} on the seventh{H7637} day{H3117} from all his work{H4399} which he had made{H6213}{(H8804)}.
kjv,34.0,Genesis,1.0,2.0,3.0,"And God{H430} blessed{H1288}{(H8762)} the seventh{H7637} day{H3117}, and sanctified{H6942}{(H8762)} it: because{H3588} that in it he had rested{H7673}{(H8804)} from all his work{H4399} which God{H430} created{H1254}{(H8804)} and made{H6213}{(H8800)}."
kjv,35.0,Genesis,1.0,2.0,4.0,"These{H428} are the generations{H8435} of the heavens{H8064} and of the earth{H776} when they were created{H1254}{(H8736)}, in the day{H3117} that the LORD{H3068} God{H430} made{H6213}{(H8800)} the earth{H776} and the heavens{H8064},"
kjv,36.0,Genesis,1.0,2.0,5.0,"And every plant{H7880} of the field{H7704} before{H2962} it was in the earth{H776}, and every herb{H6212} of the field{H7704} before{H2962} it grew{H6779}{(H8799)}: for{H3588} the LORD{H3068} God{H430} had not{H3808} caused it to rain{H4305}{(H8689)} upon the earth{H776}, and there was not{H369} a man{H120} to till{H5647}{(H8800)} the ground{H127}."
kjv,37.0,Genesis,1.0,2.0,6.0,"But there went up{H5927}{(H8799)} a mist{H108} from{H4480} the earth{H776}, and watered{H8248}{(H8689)} the whole face{H6440} of the ground{H127}."
kjv,38.0,Genesis,1.0,2.0,7.0,"And the LORD{H3068} God{H430} formed{H3335}{(H8799)} man{H120} of the dust{H6083} of{H4480} the ground{H127}, and breathed{H5301}{(H8799)} into his nostrils{H639} the breath{H5397} of life{H2416}; and man{H120} became a living{H2416} soul{H5315}."
kjv,39.0,Genesis,1.0,2.0,8.0,And the LORD{H3068} God{H430} planted{H5193}{(H8799)} a garden{H1588} eastward{H6924} in Eden{H5731}; and there{H8033} he put{H7760}{(H8799)} the man{H120} whom{H834} he had formed{H3335}{(H8804)}.
kjv,40.0,Genesis,1.0,2.0,9.0,"And out{H4480} of the ground{H127} made{H6779} the LORD{H3068} God{H430} to grow{H6779}{(H8686)} every tree{H6086} that is pleasant{H2530}{(H8737)} to the sight{H4758}, and good{H2896} for food{H3978}; the tree{H6086} of life{H2416} also in the midst{H8432} of the garden{H1588}, and the tree{H6086} of knowledge{H1847} of good{H2896} and evil{H7451}."
eng,1.0,Genesis,1.0,1.0,1.0,¶ The Creation of the World In the beginning God created the heavens and the earth.
eng,2.0,Genesis,1.0,1.0,2.0,"Now the earth was without shape and empty, and darkness was over the surface of the watery deep, but the Spirit of God was moving over the surface of the water."
eng,3.0,Genesis,1.0,1.0,3.0,"God said,“Let there be light.” And there was light!"
eng,4.0,Genesis,1.0,1.0,4.0,"God saw that the light was good, so God separated the light from the darkness."
eng,5.0,Genesis,1.0,1.0,5.0,"God called the light“day” and the darkness“night.” There was evening, and there was morning, marking the first day."
eng,6.0,Genesis,1.0,1.0,6.0,"God said,“Let there be an expanse in the midst of the waters and let it separate water from water.”"
eng,7.0,Genesis,1.0,1.0,7.0,So God made the expanse and separated the water under the expanse from the water above it. It was so.
eng,8.0,Genesis,1.0,1.0,8.0,"God called the expanse“sky.” There was evening, and there was morning, a second day."
eng,9.0,Genesis,1.0,1.0,9.0,"God said,“Let the water under the sky be gathered to one place and let dry ground appear.” It was so."
eng,10.0,Genesis,1.0,1.0,10.0,God called the dry ground“land” and the gathered waters he called“seas.” God saw that it was good.
eng,11.0,Genesis,1.0,1.0,11.0,"God said,“Let the land produce vegetation: plants yielding seeds and trees on the land bearing fruit with seed in it, according to their kinds.” It was so."
eng,12.0,Genesis,1.0,1.0,12.0,"The land produced vegetation– plants yielding seeds according to their kinds, and trees bearing fruit with seed in it according to their kinds. God saw that it was good."
eng,13.0,Genesis,1.0,1.0,13.0,"There was evening, and there was morning, a third day."
eng,14.0,Genesis,1.0,1.0,14.0,"God said,“Let there be lights in the expanse of the sky to separate the day from the night, and let them be signs to indicate seasons and days and years,"
eng,15.0,Genesis,1.0,1.0,15.0,and let them serve as lights in the expanse of the sky to give light on the earth.” It was so.
eng,16.0,Genesis,1.0,1.0,16.0,God made two great lights– the greater light to rule over the day and the lesser light to rule over the night. He made the stars also.
eng,17.0,Genesis,1.0,1.0,17.0,"God placed the lights in the expanse of the sky to shine on the earth,"
eng,18.0,Genesis,1.0,1.0,18.0,"to preside over the day and the night, and to separate the light from the darkness. God saw that it was good."
eng,19.0,Genesis,1.0,1.0,19.0,"There was evening, and there was morning, a fourth day."
eng,20.0,Genesis,1.0,1.0,20.0,"God said,“Let the water swarm with swarms of living creatures and let birds fly above the earth across the expanse of the sky.”"
eng,21.0,Genesis,1.0,1.0,21.0,"God created the great sea creatures and every living and moving thing with which the water swarmed, according to their kinds, and every winged bird according to its kind. God saw that it was good."
eng,22.0,Genesis,1.0,1.0,22.0,"God blessed them and said,“Be fruitful and multiply and fill the water in the seas, and let the birds multiply on the earth.”"
eng,23.0,Genesis,1.0,1.0,23.0,"There was evening, and there was morning, a fifth day."
eng,24.0,Genesis,1.0,1.0,24.0,"God said,“Let the land produce living creatures according to their kinds: cattle, creeping things, and wild animals, each according to its kind.” It was so."
eng,25.0,Genesis,1.0,1.0,25.0,"God made the wild animals according to their kinds, the cattle according to their kinds, and all the creatures that creep along the ground according to their kinds. God saw that it was good."
eng,26.0,Genesis,1.0,1.0,26.0,"Then God said,“Let us make humankind in our image, after our likeness, so they may rule over the fish of the sea and the birds of the air, over the cattle, and over all the earth, and over all the creatures that move on the earth.”"
eng,27.0,Genesis,1.0,1.0,27.0,"God created humankind in his own image, in the image of God he created them, male and female he created them."
eng,28.0,Genesis,1.0,1.0,28.0,"God blessed them and said to them,“Be fruitful and multiply! Fill the earth and subdue it! Rule over the fish of the sea and the birds of the air and every creature that moves on the ground.”"
eng,29.0,Genesis,1.0,1.0,29.0,"Then God said,“I now give you every seed-bearing plant on the face of the entire earth and every tree that has fruit with seed in it. They will be yours for food."
eng,30.0,Genesis,1.0,1.0,30.0,"And to all the animals of the earth, and to every bird of the air, and to all the creatures that move on the ground– everything that has the breath of life in it– I give every green plant for food.” It was so."
eng,31.0,Genesis,1.0,1.0,31.0,"God saw all that he had made– and it was very good! There was evening, and there was morning, the sixth day."
eng,32.0,Genesis,1.0,2.0,1.0,The heavens and the earth were completed with everything that was in them.
eng,33.0,Genesis,1.0,2.0,2.0,"By the seventh day God finished the work that he had been doing, and he ceased on the seventh day all the work that he had been doing."
eng,34.0,Genesis,1.0,2.0,3.0,God blessed the seventh day and made it holy because on it he ceased all the work that he had been doing in creation.
eng,35.0,Genesis,1.0,2.0,4.0,The Creation of Man and Woman This is the account of the heavens and the earth when they were created– when the LORD God made the earth and heavens.
eng,36.0,Genesis,1.0,2.0,5.0,"Now no shrub of the field had yet grown on the earth, and no plant of the field had yet sprouted, for the LORD God had not caused it to rain on the earth, and there was no man to cultivate the ground."
eng,37.0,Genesis,1.0,2.0,6.0,Springs would well up from the earth and water the whole surface of the ground.
eng,38.0,Genesis,1.0,2.0,7.0,"The LORD God formed the man from the soil of the ground and breathed into his nostrils the breath of life, and the man became a living being."
eng,39.0,Genesis,1.0,2.0,8.0,"The LORD God planted an orchard in the east, in Eden; and there he placed the man he had formed."
eng,40.0,Genesis,1.0,2.0,9.0,"The LORD God made all kinds of trees grow from the soil, every tree that was pleasing to look at and good for food.(Now the tree of life and the tree of the knowledge of good and evil were in the middle of the orchard.)"
jawa,23146.0,Matéus,40.0,1.0,1.0,¶ Iki layang turunané mbah-mbahané Gusti Yésus Kristus. Gusti Yésus Kristus kuwi turunané ratu Daved lan ratu Daved turunané Bapa Abraham.
jawa,23147.0,Matéus,40.0,1.0,2.0,"¶ Bapa Abraham kuwi bapaké Isak, Isak bapaké Yakub, Yakub bapaké Yudah sak seduluré."
jawa,23148.0,Matéus,40.0,1.0,3.0,"Yudah bapaké Pèrès lan Sérak, Tamar ibuné. Pèrès bapaké Kèsrom lan Kèsrom bapaké Aram."
jawa,23149.0,Matéus,40.0,1.0,4.0,"Aram bapaké Aminadab, Aminadab bapaké Nakson lan Nakson bapaké Salmon."
jawa,23150.0,Matéus,40.0,1.0,5.0,"Salmon bapaké Boas, Rahab ibuné. Boas bapaké Obèd, Rut ibuné. Obèd bapaké Isai lan Isai bapaké ratu Daved."
jawa,23151.0,Matéus,40.0,1.0,6.0,"Daved bapaké Soléman, ibuné tilasané Uriah."
jawa,23152.0,Matéus,40.0,1.0,7.0,"Soléman bapaké Rekobéam, Rekobéam bapaké Abia, Abia bapaké Asa."
jawa,23153.0,Matéus,40.0,1.0,8.0,"Asa bapaké Yosafat, Yosafat bapaké Yoram, Yoram bapaké Usia."
jawa,23154.0,Matéus,40.0,1.0,9.0,"Usia bapaké Yotam, Yotam bapaké Akas lan Akas bapaké Hiskia."
jawa,23155.0,Matéus,40.0,1.0,10.0,"Hiskia bapaké Manasé, Manasé bapaké Amon, Amon bapaké Yosia."
jawa,23156.0,Matéus,40.0,1.0,11.0,Yosia bapaké Yekonya sak seduluré. Ing waktu kuwi bangsa Israèl diboyong nang tanah Babilon.
jawa,23157.0,Matéus,40.0,1.0,12.0,"¶ Nang tanah Babilon kono layang turunan kuwi terusané ngéné: Yekonya bapaké Séaltièl, Séaltièl bapaké Sérubabil."
jawa,23158.0,Matéus,40.0,1.0,13.0,Sérubabil bapaké Abihud lan Abihud bapaké Eliakim. Eliakim bapaké Asur.
jawa,23159.0,Matéus,40.0,1.0,14.0,"Asur bapaké Sadok, Sadok bapaké Akim lan Akim bapaké Eliud."
jawa,23160.0,Matéus,40.0,1.0,15.0,"Eliud bapaké Eliasar, Eliasar bapaké Matan, Matan bapaké Yakub."
jawa,23161.0,Matéus,40.0,1.0,16.0,"Yakub bapaké Yosèf lan Yosèf kuwi bojoné Maria. Maria kuwi sing nglairké Gusti Yésus, sing diarani Kristus."
jawa,23162.0,Matéus,40.0,1.0,17.0,"¶ Dadi ènèng turunan patbelas ping telu, yakuwi: Patbelas wiwit Abraham tekané Daved, patbelas wiwit Daved tekané beboyongan nang tanah Babilon lan patbelas wiwit beboyongan nang tanah Babilon tekané Kristus."
jawa,23163.0,Matéus,40.0,1.0,18.0,"¶ Lairé Gusti Yésus Kristus kuwi lakuné ngéné: Maria, ibuné, wis patyangan karo Yosèf. Nanging sakdurungé kawin Maria wis meteng sangka Roh Sutyi."
jawa,23164.0,Matéus,40.0,1.0,19.0,"Lah jalaran Yosèf kuwi sakwijiné wong sing nglakoni kekarepané Gusti Allah, mulané dèkné ya ora gelem nggawé wirangé Maria nang tengahé wong okèh. Yosèf jawané arep meneng-menengan waé medot pepatyangané karo Maria."
jawa,23165.0,Matéus,40.0,1.0,20.0,"Nanging sak barengé nggagas-nggagas bab kuwi, dèkné éntuk impèn. Ing sakjeroné impèn kuwi mulékaté Gusti ngétok marang dèkné ngomong ngéné: “Yosèf, turunané ratu Daved, kowé aja wedi ngepèk Maria dadi bojomu, awit bayi sing digémbol kuwi tekané sangka Roh Sutyi."
jawa,23166.0,Matéus,40.0,1.0,21.0,"Maria bakal nglairké anak lanang sing kudu mbok jenengké Yésus, awit Dèkné bakal nylametké bangsané sangka dosané.”"
jawa,23167.0,Matéus,40.0,1.0,22.0,"¶ Kuwi mau kabèh marakké klakon sing wis diomong karo Gusti dèk mbiyèn liwat nabi Yésaya, sing uniné ngéné:"
jawa,23168.0,Matéus,40.0,1.0,23.0,"“Enèng prawan bakal meteng lan nglairké anak lanang, sing bakal dijenengké Imanuèl, tegesé: Gusti Allah karo awaké déwé.”"
jawa,23169.0,Matéus,40.0,1.0,24.0,"¶ Kadung tangi, Yosèf terus nuruti sing diomong karo mulékaté Gusti mau. Dèkné terus kawin karo Maria."
jawa,23170.0,Matéus,40.0,1.0,25.0,Nanging Yosèf ora turu tyampur karo Maria nganti lairé anaké lanang. Kadung wis lair botyahé dijenengké Yésus karo Yosèf.
jawa,23171.0,Matéus,40.0,2.0,1.0,"¶ Gusti Yésus lairé nang kuta Bètlehèm, nang distrik Yudéa. Ing waktu kuwi Hérodès sing dadi ratuné kono. Ora let suwi ènèng wong pinter siji-loro sangka bawah wétanan teka nang kuta Yérusalèm."
jawa,23172.0,Matéus,40.0,2.0,2.0,Wong-wong iku terus pada takon: “Nang endi awaké déwé bisa nemu ratuné bangsa Ju sing entas lair? Awaké déwé weruh lintangé nang wétan lan awaké déwé teka mbréné arep nyembah marang Dèkné.”
jawa,23173.0,Matéus,40.0,2.0,3.0,"¶ Kadung ratu Hérodès krungu bab iki, dèkné terus kagèt banget, semono uga wong sak kuta Yérusalèm."
jawa,23174.0,Matéus,40.0,2.0,4.0,"Ratu Hérodès terus kongkonan nyeluk para pengarepé imam lan para guru Kitab kabèh terus ditakoni, nang endi bakalé lairé Kristus."
jawa,23175.0,Matéus,40.0,2.0,5.0,"¶ Wong-wong kuwi terus pada semaur: “Nang kuta Bètlehèm nang distrik Yudéa, awit wis ditulis karo nabi Mika ngéné:"
jawa,23176.0,Matéus,40.0,2.0,6.0,"‘Kowé Bètlehèm nang tanah Yudah, kowé ora pisan-pisan kuta sing tyilik déwé nang tanah Yudah, awit sangka kowé bakal metu pangon sing bakal nuntun umatku Israèl.’ ”"
jawa,23177.0,Matéus,40.0,2.0,7.0,"¶ Sakwisé éntuk katerangan kuwi, ratu Hérodès terus kongkonan nyeluk wong-wong pinter sangka wétanan mau, nanging tanpa wong okèh ngerti. Wong-wong pinter kuwi terus ditakoni okèh-okèh, kapan lintangé molai kétok."
jawa,23178.0,Matéus,40.0,2.0,8.0,"Sakwisé kuwi wong-wong pinter mau terus dikongkon budal nang kuta Bètlehèm. Ratu Hérodès ngomong ngéné marang wong-wong kuwi: “Kana pada budal lan pada nggolèk sak ènèngé kabar bab Bayi kuwi. Nèk wis ketemu, aku diomongi, supaya aku uga bisa nyembah marang Dèkné.”"
jawa,23179.0,Matéus,40.0,2.0,9.0,"¶ Wong-wong pinter mau terus pada budal, sakwisé nampa tembungé ratuné. Sak barengé pada mlaku, lintang sing kétok nang wétan ngétok nang ngarepé lan mlaku tekan nduwuré panggonané Botyah Bayiné. Tekan kono lintangé terus mandek."
jawa,23180.0,Matéus,40.0,2.0,10.0,"Weruh lintangé mau, wong-wong pinter kuwi terus pada bungah banget."
jawa,23181.0,Matéus,40.0,2.0,11.0,"Terus pada mlebu omahé lan weruh Bayiné lan Maria, ibuné. Wong-wong pinter mau terus pada sujut lan nyembah marang Bayiné. Sakwisé kuwi terus pada mbukak palisé wadah kasugihané terus ngekèki kado marang Bayiné, yakuwi emas, menyan lan emur."
jawa,23182.0,Matéus,40.0,2.0,12.0,"¶ Wong-wong pinter mau mulihé ora mlaku dalan sing diliwati mauné. Awit ing impèn Gusti Allah ngomongi wong-wong kuwi, dipenging balik nang nggoné ratu Hérodès."
jawa,23183.0,Matéus,40.0,2.0,13.0,"¶ Sakwisé wong-wong pinter mau pada mulih, terus ènèng mulékaté Gusti Allah ngétok marang Yosèf ing sakjeroné impèn. Mulékaté mau ngomong ngéné: “Yosèf, tangi! Bayiné lan ibuné gawanen lunga nang negara Egipte. Pada manggona nang kana tekané aku ngomongi kowé menèh. Awit ratu Hérodès bakal nggolèki Bayiné arep dipatèni.”"
jawa,23184.0,Matéus,40.0,2.0,14.0,"¶ Ing tengah wengi Yosèf tangi, terus Bayiné lan ibuné digawa lunga nang negara Egipte."
jawa,23185.0,Matéus,40.0,2.0,15.0,Yosèf terus manggon nang kono tekan patiné ratu Hérodès. Dadiné klakon tenan tembungé Gusti Allah dèk mbiyèn liwat nabi Hoséa sing uniné ngéné: “Aku nyeluk Anakku sangka Egipte.”
rvind,1.0,Kejadian,1.0,1.0,1.0,<FR><sup>1a</sup><Fr>Pada <FR><sup>2</sup><Fr>mulanya <FR><sup>3</sup><Fr>Allah <FR><sup>4b</sup><Fr>menciptakan <FR><sup>5</sup><Fr>langit dan bumi.,"<p>(1) (a) Pada,</p> <p>cf. Joh_1:1-2 Alkitab, yang tersusun dari dua perjanjian, Perjanjian Lama dan Perjanjian Baru, adalah wahyu ilahi Allah kepada manusia, yang lengkap dan tertulis. Wahyu utama dalam seluruh Alkitab adalah ekonomi ilahi yang unik dari Allah Tritunggal yang unik ( Eph_1:10; Eph_3:9; 1Ti_1:4 b). Sentralitas dan universalitas ekonomi ilahi ini adalah kekayaan Kristus yang almuhit dan tidak terduga sebagai perwujudan dan ekspresi Allah Tritunggal ( Col_2:9; Col_1:15-19; Joh_1:18). Sasaran ekonomi ilahi adalah gereja sebagai Tubuh, kepenuhan, ekspresi Kristus ( Eph_1:22 b- Eph_1:23; Eph_3:8-11), yang akan rampung dalam Yerusalem Baru sebagai kesatuan, perbauran, dan inkorporasi Allah Tritunggal yang telah melalui proses dan rampung dengan umat tripartit-Nya yang ditebus, dilahirkan kembali, diubah, dan dimuliakan. Perampungan ekonomi ilahi diwahyukan dalam Alkitab secara progresif dalam banyak langkah, dimulai dengan penciptaan Allah dalam Kej. 1-2 dan diakhiri dengan Yerusalem Baru dalam Why. 21-22. Dalam Perjanjian Lama, isi ekonomi Allah terutama diwahyukan dalam lambang, gambar, dan bayang-bayang, sedangkan dalam Perjanjian Baru semua lambang, gambar, dan bayang-bayang itu digenapkan dan direalisasikan. Jadi, Perjanjian Lama adalah foto yang menggambarkan ekonomi kekal Allah, dan Perjanjian Baru adalah penggenapan yang praktis. Kejadian, judul kitab ini, adalah kata yang berarti memberi kelahiran, asal mula. Sebagai kitab pertama dalam Alkitab, Kitab Kejadian melahirkan dan merupakan asal mula kebenaran-kebenaran ilahi dalam Firman kudus. Jadi, benih kebenaran ilahi ditabur dalam kitab ini. Benih ini bertumbuh dan berkembang dalam kitab-kitab berikutnya, khususnya dalam Perjanjian Baru, dan akhirnya dituai dalam kitab terakhir, Kitab Wahyu. Kejadian adalah miniatur wahyu lengkap dari seluruh Alkitab. Wahyu ini dimulai dengan seorang manusia yang diciptakan menurut gambar Allah ( Gen_1:26) dan diakhiri dengan seorang manusia yang bernama Israel ( Gen_32:28; Gen_48:2), seorang yang diubah, seorang manusia yang bukan saja di luaran memiliki gambar Allah, tetapi yang dalamnya Allah telah menggarapkan diri-Nya sendiri, menjadikan dia ekspresi-Nya. Israel yang diubah adalah benih, miniatur Yerusalem Baru. Kelihatannya, Kejadian 1-2 hanyalah satu catatan penciptaan; sebenarnya, hampir semua butir dalam catatan kedua pasal ini adalah wahyu Kristus, yang adalah hayat untuk umat Allah ( Joh_1:1, Joh_1:4; Joh_11:25; Joh_14:6) untuk menghasilkan dan membangun gereja. Pasal 3-50 menyajikan biografi delapan tokoh dalam dua kelompok, masing-masing terdiri atas empat orang, mewakili dua ras manusia: Adam, Habel, Henokh, dan Nuh, mewakili ras ciptaan, dan Abraham, Ishak, Yakub, dan Yusuf, mewakili ras yang dipanggil. Apa yang dicatat terutama bukanlah pekerjaan orang-orang ini, tetapi kehidupan mereka, penghidupan mereka, dan pergaulan mereka dengan Allah. Dalam Kitab Kejadian Allah memakai catatan penciptaan dan biografi kedelapan tokoh itu untuk mewahyukan kehidupan yang menggenapkan tujuan-Nya. </p><p>(2)mulanya, kepada permulaan waktu (cf. Joh_1:1). Waktu dimulai pada penciptaan alam semesta dan berlanjut sampai penghakiman terakhir pada takhta putih besar ( Rev_20:11-15). Waktu adalah untuk menggenapkan tujuan kekal Allah, yang Allah tetapkan dalam kekekalan yang lampau ( Eph_3:11) untuk kekekalan yang akan datang. </p><p>(3)Allah, Elohim, berarti Yang Mahakuasa. Nama Ibrani di sini berbentuk jamak, tetapi kata kerja menciptakan berbentuk tunggal. Selanjutnya, dalam ay. 26 kata ganti jamak Kita dipakai dengan mengacu kepada Allah, sedangkan dalam ay. 27 dipakai kata ganti Dia dan Nya. Ini adalah benih Trinitas. Allah itu esa ( Isa_45:5; 1Co_8:4; 1Ti_2:5), tetapi Dia juga tiga-Bapa, Anak, dan Roh ( Mat_28:19). Dia adalah Allah Tritunggal. Yang menciptakan adalah Allah Tritunggal. Lihat cat. 131 alinea 3 dalam 2 Kor. 13. Kitab Kejadian dibagi menjadi tiga bagian, setiap bagian dimulai dengan satu nama. Bagian pertama ( Gen_1:1-2:25), dimulai dengan nama Allah, membahas penciptaan Allah; kedua ( Gen_3:1-11:32), dimulai dengan ular, membahas perusakan ular atas umat manusia; dan ketiga ( Gen_12:1-50:26), dimulai dengan nama Tuhan (Yehova), membahas panggilan Tuhan atas manusia yang jatuh. </p><p>(4)(b)menciptakan, </p><p> Zec_12:1; Psa_33:6; Isa_42:5; 45:18; Jer_10:12; 51:15; Joh_1:3 Menciptakan di sini berarti membuat sesuatu yang tidak ada menjadi ada, berbeda dengan menjadikan dalam Gen_2:4 dan membentuk dalam Gen_2:7, dua kata yang mengacu kepada mengambil sesuatu yang sudah ada dan memakainya untuk menghasilkan sesuatu yang lain. Motivasi penciptaan Allah adalah untuk menggenapkan kedambaan Allah dan memuaskan kehendak-Nya ( Eph_1:5, Eph_1:9). Tujuan penciptaan Allah adalah untuk memuliakan Anak Allah ( Col_1:15-19) dan menyatakan Allah sendiri ( Psa_19:2-3; Rom_1:20 dan cat.1 dan 2), khususnya dalam manusia ( 1Ti_3:16) melalui Anak-Nya, Kristus, yang adalah perwujudan Allah dan gambar, ekspresi Allah ( Col_2:9; Col_1:15). Dasar dari penciptaan Allah adalah kehendak dan rencana Allah ( Eph_1:10 dan cat. 1; Rev_4:11 dan cat. 3). Sarana penciptaan Allah adalah Anak Allah ( Col_1:15-16; Heb_1:2 b) dan Firman Allah ( Heb_11:3; Joh_1:1-3), keduanya adalah Kristus ( Joh_1:1, Joh_1:18; Rev_19:13). </p><p>(5)langit, proses penciptaan Allah, langit dan malaikat diciptakan lebih dulu, dan bumi, mungkin dengan makhluk-makhluk hidup, diciptakan belakangan ( Job_38:4-7 dan cat. 71). </p>"
rvind,2.0,Kejadian,1.0,1.0,2.0,"<FR><sup>1</sup><Fr>Bumi <FR><sup>2a</sup><Fr>belum berbentuk dan kosong; <FR><sup>2</sup><Fr>gelap gulita menutupi <FR><sup>3</sup><Fr>samudera raya, <FR><sup>4</sup><Fr>dan <FR><sup>5b</sup><Fr>Roh Allah <FR><sup>6</sup><Fr>melayang-layang di atas permukaan air.","<p>(1)Bumi, ., tetapi bumi menjadi... Allah menciptakan bumi secara teratur ( Job_38:4-7; Isa_45:18). Tetapi di sini dan menjadi selanjutnya dalam ayat ini menunjukkan bahwa sesuatu telah terjadi, menyebabkan ciptaan Allah menjadi ""sia-sia dan kosong"". Peristiwa bencana ini adalah penghakiman Allah atas alam semesta pra-Adam setelah pemberontakan Iblis. Penghakiman ini dilaksanakan atas Iblis, atas malaikat-malaikat, dan atas makhluk-makhluk hidup pra-Adam di bumi yang bergabung dengan Iblis dalam pemberontakannya, dan atas langit dan bumi sendiri. Lihat Isa_14:12-15 dan cat.; Eze_28:12-19 dan cat. </p><p>(2)(a)belum, (2)gelap, </p><p> Jer_4:23; Isa_24:1 Lit., sia-sia dan kosong. Bila kata sia-sia dan kosong dipakai bersama-sama dalam Perjanjian Lama, mereka menyatakan akibat penghakiman Allah (cf. Jer_4:23; Isa_24:1; Isa_34:11). Gelap gulita menutupi samudera raya juga satu tanda penghakiman Allah (cf. Exo_10:21-22; Rev_16:10). </p><p>(3)samudera, Dalam Alkitab, air melambangkan hayat ( Joh_4:10, Joh_4:14; Joh_7:38; Rev_22:1), atau kematian ( Gen_7:17-24; Exo_14:21-30; Joh_3:5; Rom_6:3). Air di sini melambangkan kematian. Sebagai akibat dari penghakiman Allah atas alam semesta pra-Adam, seluruh bumi ditutupi dengan samudera raya, melambangkan bumi dipenuhi dengan kematian dan di bawah kematian. Lihat cat. 232 dalam Mrk. 1, 16 dalam 1 Tim. 4, dan 13 dalam Why. 21. </p><p>(4)dan, Ayat 1 adalah satu catatan penciptaan Allah sebermula. Ayat 2a menjelaskan penghakiman Allah atas alam semesta pra-Adam. Seluruh bagian dari Gen_1:2 b-2:3 tidak menjelaskan penciptaan Allah sebermula, tetapi pemulihan Allah atas alam semesta yang rusak, ditambah penciptaan-Nya yang lebih lanjut, dalam enam hari. </p><p>(5)(b)Roh, </p><p> Psa_104:30 Ibraninya ruach, bisa diterjemahkan roh, angin, nafas. Ini adalah kali pertama Roh disebutkan dalam Alkitab. Roh Allah, sebagai Roh hayat ( Rom_8:2), datang untuk mengerami air kematian untuk menunaskan hayat, khususnya manusia (ay. 26), bagi tujuan Allah. Dalam pengalaman rohani, kedatangan Roh adalah syarat pertama untuk menghasilkan hayat ( Joh_6:63 a). </p><p>(6)melayang-layang, Lit., mengerami. </p>"
rvind,3.0,Kejadian,1.0,1.0,3.0,"<FR><sup>1a</sup><Fr>Berfirmanlah Allah: ""Jadilah <FR><sup>1b</sup><Fr>terang."" Lalu terang itu jadi.","<p>(1)(a)berfirmanlah, (1)terang, </p><p> Gen_1:6, Gen_1:9, Gen_1:11, Gen_1:14, Gen_1:20, Gen_1:24, Gen_1:26; Psa_33:6, Psa_33:9; Heb_11:3 Setelah Roh mengerami (ay. 2b), firman Allah datang membawa masuk terang (cf. Psa_119:105, Psa_119:130). Dalam pengalaman rohani, kedatangan firman adalah syarat kedua untuk menghasilkan hayat ( Joh_5:24; Joh_6:63 b), dan kedatangan terang adalah syarat ketiga ( Mat_4:13-16; Joh_1:1-13). Roh, firman, dan terang adalah sarana yang dipakai Allah untuk menghasilkan hayat guna menggenapkan tujuan-Nya. Roh, firman, dan terang semuanya berasal dari hayat ( Rom_8:2; Phi_2:16; Joh_8:12 b). Kristus sebagai Roh adalah realitas Allah ( Rom_8:9-10; 2Co_3:17; Joh_16:13-15); Kristus sebagai Firman adalah pembicaraan Allah ( Joh_1:1; Heb_1:2); dan Kristus sebagai terang adalah pancaran Allah ( Joh_8:12 a; Joh_9:5). </p><p>(b)terang, </p><p> Isa_45:7; 2Co_4:6; cf. Joh_1:4-5 </p>"
rvind,4.0,Kejadian,1.0,1.0,4.0,"Allah melihat bahwa terang itu <FR><sup>a</sup><Fr>baik, lalu <FR><sup>1b</sup><Fr>dipisahkan-Nyalah terang itu dari gelap.","<p>(a)baik, </p><p> Gen_1:10, Gen_1:12, Gen_1:18, Gen_1:21, Gen_1:25, Gen_1:31 </p><p>(1)(b)dipisahkan-Nyalah, . 2Co_6:14 Pemisahan terang dari gelap untuk tujuan membedakan siang dari malam (ay. 5; cf. 2Co_6:14 b) adalah syarat keempat untuk menghasilkan hayat. </p>"
rvind,5.0,Kejadian,1.0,1.0,5.0,"Dan Allah menamai terang itu <FR><sup>a</sup><Fr>siang, dan gelap itu malam. <FR><sup>b</sup><Fr>Jadilah petang dan jadilah pagi, itulah hari pertama.","<p>(a)siang, </p><p> Psa_74:16; Jer_33:20 </p><p>(b)jadilah, </p><p> Gen_1:8, Gen_1:13, Gen_1:19, Gen_1:23, Gen_1:31 </p>"
rvind,6.0,Kejadian,1.0,1.0,6.0,"<FR><sup>a</sup><Fr>Berfirmanlah Allah: ""Jadilah <FR><sup>1</sup><Fr>cakrawala di tengah segala air untuk <FR><sup>2b</sup><Fr>memisahkan air dari air.""","<p>(a)Berfirmanlah, </p><p> Gen_1:3 </p><p>(1)cakrawala, Atmosfer, udara di sekeliling bumi. </p><p>(2)(b)memisahkan, </p><p> Psa_104:6-7 Pemisahan air melalui menjadikan cakrawala di antara mereka, secara rohani, melambangkan memisahkan hal-hal surgawi dari hal-hal bumiah melalui pekerjaan salib ( Col_3:1-3; Heb_4:12), adalah syarat kelima untuk menghasilkan hayat. </p>"
rvind,7.0,Kejadian,1.0,1.0,7.0,Maka Allah menjadikan cakrawala dan Ia memisahkan air yang ada di bawah cakrawala itu dari aair yang ada di atasnya. Dan jadilah demikian.,"<p>(a)air, </p><p> Psa_148:4 </p>"
rvind,8.0,Kejadian,1.0,1.0,8.0,"Lalu Allah menamai cakrawala itu langit. <FR><sup>a</sup><Fr>Jadilah petang dan jadilah pagi, itulah hari kedua.<FR><sup>1</sup><Fr>","<p>(a)jadilah, </p><p> Gen_1:5 </p><p>(1)kedua, Pada akhir hari kedua tidak disebutkan bahwa Allah mengatakan cakrawala (udara) dan air itu baik (cf. ay. 4, 10, 12, 18, 21, 25). Ini dikarenakan di angkasa ada malaikat-malaikat yang jatuh ( Eph_2:2; Eph_6:12), dan air adalah tempat tinggal setan-setan ( Mat_12:43 dan cat.). </p>"
rvind,9.0,Kejadian,1.0,1.0,9.0,"<FR><sup>a</sup><Fr>Berfirmanlah Allah: ""Hendaklah segala air yang di bawah langit <FR><sup>b</sup><Fr>berkumpul pada satu tempat, sehingga kelihatan yang <FR><sup>1c</sup><Fr>kering."" Dan jadilah demikian.","<p>(a)Berfirmanlah, </p><p> Gen_1:3 </p><p>(b)berkumpul, </p><p> Psa_33:7; Psa_104:7-9; Job_38:8-11 </p><p>(1)(c)kering, </p><p> 2Pe_3:5; Job_38:4-6 Munculnya daratan kering adalah syarat keenam untuk menghasilkan hayat. Hal ini terjadi pada hari ketiga, berhubungan dengan hari kebangkitan ( 1Co_15:4). Dalam Alkitab laut mewakili kematian dan daratan mewakili Kristus (Lihat cat. 71 dalam Ul. 8) sebagai sumber penghasilan hayat. Setelah daratan muncul, setiap jenis hayat tumbuh-tumbuhan, hayat binatang, dan bahkan hayat manusia-dihasilkan dari daratan ini (ay. 11-12, 24-27; Gen_2:7). Ini melambangkan hayat ilahi dengan semua kekayaannya berasal dari Kristus. Pada hari ketiga, Kristus keluar dari kematian dalam kebangkitan untuk menghasilkan hayat ( Joh_12:24; 1Pe_1:3) untuk menyusun gereja. </p>"
rvind,10.0,Kejadian,1.0,1.0,10.0,"Lalu Allah menamai yang kering itu <FR><sup>1</sup><Fr>darat, dan kumpulan air itu dinamai-Nya <FR><sup>1</sup><Fr>laut. Allah melihat bahwa semuanya itu <FR><sup>a</sup><Fr>baik.","<p>(1)darat, (1)laut, Memisahkan daratan dari laut melambangkan memisahkan hayat dari kematian. Sejak hari kedua (ay. 6-7) Allah mulai bekerja untuk mengurung dan membatasi air kematian yang menutupi bumi (cf. Jer_5:22). Akhirnya, ketika pekerjaan Allah rampung, dalam langit baru dan bumi baru tidak akan ada lagi laut ( Rev_21:1 dan cat. 3). Selanjutnya, dalam Yerusalem Baru tidak akan ada lagi malam ( Rev_21:25 dan cat. 2). Ini berarti kematian dan kegelapan akan disingkirkan. </p><p>(a)baik, Gen_1:4 </p>"
rvind,11.0,Kejadian,1.0,1.0,11.0,"<FR><sup>a</sup><Fr>Berfirmanlah Allah: ""Hendaklah tanah <FR><sup>b</sup><Fr>menumbuhkan <FR><sup>1</sup><Fr>tunas-tunas muda, tumbuh-tumbuhan yang berbiji, segala jenis pohon buah-buahan yang menghasilkan buah<FR><sup>2c </sup><Fr>yang berbiji, supaya ada tumbuh-tumbuhan di bumi."" Dan jadilah demikian.","<p>(a)Berfirmanlah, </p><p> Gen_1:3 </p><p>(b)menumbuhkan, </p><p> Gen_2:9; Psa_104:14 </p><p>(1)tunas-tunas, Lit., rumput. Hayat tumbuh-tumbuhan adalah bentuk hayat yang paling rendah, suatu hayat tanpa kesadaran, mengacu kepada tahap awal hayat ilahi dalam kaum beriman yang baru dilahirkan kembali (cf. 1Co_3:6). Berbagai ragam hayat tumbuh-tumbuhan melambangkan ekspresi yang kaya dari kekayaan hayat Kristus yang tidak terduga dalam keindahannya di pandangan manusia ( Gen_2:9), dalam keharumannya ( Son_1:12-13) dan dalam perawatan yang diberikannya kepada manusia dan binatang ( Gen_1:29-30). Pohon-pohon ( Gen_2:9; Exo_15:23-25; Son_2:3; Son_5:15; Isa_11:1; Joh_15:1; Rev_22:2), bunga-bunga ( Son_1:14), dan biji-bijian sebagai makanan untuk manusia ( Joh_6:9, Joh_6:13) dan sebagai kurban untuk Allah ( Lev_2:1-3, Lev_2:14) semuanya melambangkan Kristus. </p><p>(c)buah, </p><p> Gen_1:12, Gen_1:21, Gen_1:24, Gen_1:25; cf. Gen_1:26-27 </p>"
rvind,12.0,Kejadian,1.0,1.0,12.0,"Tanah itu menumbuhkan tunas-tunas muda, <FR><sup>a</sup><Fr>segala jenis tumbuh-tumbuhan yang berbiji<FR><sup>1</sup><Fr> dan <FR><sup>a</sup><Fr>segala jenis pohon-pohonan yang menghasilkan buah yang berbiji. Allah melihat bahwa semuanya itu <FR><sup>b</sup><Fr>baik.","<p>(1)tunas-tunas, Lit., rumput. </p><p>(a)segala, </p><p> Gen_1:11 </p><p>(b)baik, </p><p> Gen_1:4 </p>"
rvind,13.0,Kejadian,1.0,1.0,13.0,"<FR><sup>a</sup><Fr>Jadilah petang dan jadilah pagi, itulah hari ketiga.","<p>(a)Jadilah, </p><p> Gen_1:5 </p>"
rvind,14.0,Kejadian,1.0,1.0,14.0,"<FR><sup>a</sup><Fr>Berfirmanlah Allah: ""Jadilah <FR><sup>1b</sup><Fr>benda-benda penerang pada cakrawala untuk memisahkan siang dari malam. Biarlah benda-benda penerang itu menjadi <FR><sup>2c</sup><Fr>tanda yang menunjukkan masa-masa yang tetap dan hari-hari dan tahun-tahun,","<p>(a)Berfirmanlah, </p><p> Gen_1:3 </p><p>(1)(b)benda-benda, </p><p> Psa_136:7; Psa_104:19 Menurut wahyu seluruh Alkitab, terang adalah untuk hayat, terang dan hayat selalu berjalan bersama ( Psa_36:10; Mat_4:16; Joh_1:4; Joh_8:12; 1Jo_1:1-7). Semakin tinggi terang, semakin tinggi hayatnya. Terang yang tidak tegas pada hari pertama (ay. 3) cukup untuk menumbuhkan bentuk-bentuk hayat yang paling rendah; terang yang lebih solid dan tegas dari benda-benda penerang-matahari, bulan, dan bintang-bintang (ay. 16; Psa_136:7-9)-pada hari keempat diperlukan untuk menghasilkan bentuk hayat yang lebih tinggi, termasuk hayat manusia. Ini menunjukkan, untuk kelahiran kembali rohani kita, terang ""hari pertama"" sudah cukup; tetapi untuk bertumbuh dalam hayat ilahi sampai matang, terang yang lebih kaya dan kuat, terang ""hari keempat"" diperlukan. </p><p>(2)(c)tanda, . Mat_2:2, Mat_2:9 Semua tanda, musim, hari, dan tahun adalah bayang-bayang Kristus ( Col_2:16-17). </p>"
rvind,15.0,Kejadian,1.0,1.0,15.0,"dan sebagai penerang pada cakrawala biarlah benda-benda itu menerangi bumi."" Dan jadilah demikian.",Tidak ada catatan
rvind,16.0,Kejadian,1.0,1.0,16.0,"Maka Allah <FR><sup>1a</sup><Fr>menjadikan kedua benda penerang yang besar itu, yakni yang <FR><sup>2</sup><Fr>lebih besar itu untuk menguasai siang dan yang <FR><sup>3</sup><Fr>lebih kecil untuk menguasai malam, dan menjadikan juga <FR><sup>4b</sup><Fr>bintang-bintang.","<p>(1)(a)menjadikan, </p><p> Psa_136:7-9 Meskipun matahari, bulan, dan bintang-bintang telah diciptakan sebelumnya (cf. Job_38:7), Allah menghentikan fungsinya ketika Dia menghakimi langit dan bumi setelah pemberontakan Iblis (lihat cat. 51 dalam Ayb. 9). Pada hari keempat fungsinya dipulihkan untuk menghasilkan bentuk hayat yang lebih tinggi. </p><p>(2)lebih, Matahari ( Psa_136:8), melambangkan Kristus ( Mal_4:2; Luk_1:78-79; Mat_4:16; Eph_5:14). Kaum beriman pemenang juga disamakan dengan matahari oleh Tuhan Yesus ( Mat_13:43 a). </p><p>(3)lebih, Bulan ( Psa_136:9). Dalam mimpi Yusuf, ayahnya disamakan dengan matahari, ibunya disamakan dengan bulan, dan saudara-saudaranya disamakan dengan bintang-bintang ( Gen_37:9). Bulan dapat dianggap gambaran gereja, istri Kristus (cf. Son_6:10). Bulan tidak memiliki terangnya sendiri tetapi bercahaya di malam hari melalui memantulkan terang matahari. Demikian juga, gereja bercahaya di malam yang gelap zaman gereja melalui memantulkan terang ilahi Kristus (cf. Phi_2:15). </p><p>(4)(b)bintang-bintang, </p><p> Job_38:31-33 Bintang-bintang pertama-tama melambangkan Kristus ( Num_24:17; 2Pe_1:19; Rev_22:16 b). Meskipun Kristus adalah matahari sejati, Dia tidak muncul sebagai matahari selama zaman malam hari ini. Sebaliknya, Dia bercahaya sebagai bintang timur yang gilang-gemilang ( Rev_22:16 dan cat. 4). Bintang-bintang juga melambangkan kaum beriman pemenang ( Dan_12:3; cf. Rev_1:20). Terang dari bintang-bintang diperlukan khususnya ketika bulan redup; demikian juga, cahaya kaum beriman pemenang sebagai bintang-bintang surgawi diperlukan khususnya pada masa kemerosotan gereja ( Rev_2:7, Rev_2:11, Rev_2:17, Rev_2:26-28; Rev_3:5, Rev_3:12, Rev_3:20-21). </p>"
rvind,17.0,Kejadian,1.0,1.0,17.0,"Allah <FR><sup>a</sup><Fr>menaruh semuanya itu di cakrawala untuk menerangi bumi,","<p>(a)menaruh, </p><p> Jer_31:35; Job_38:12-13 </p>"
rvind,18.0,Kejadian,1.0,1.0,18.0,"dan untuk <FR><sup>1</sup><Fr>menguasai siang dan malam, dan untuk <FR><sup>1</sup><Fr>memisahkan terang dari gelap. Allah melihat bahwa semuanya itu <FR><sup>a</sup><Fr>baik.","<p>(1)menguasai, (1)memisahkan, Penguasaan terang hari keempat juga menguatkan pemisahan terang dari gelap dalam ay. 4. Keduanya diperlukan untuk pertumbuhan hayat. </p><p>(a)baik, </p><p> Gen_1:4 </p>"
rvind,19.0,Kejadian,1.0,1.0,19.0,"<FR><sup>a</sup><Fr>Jadilah petang dan jadilah pagi, itulah hari keempat.","<p>(a)jadilah, </p><p> Gen_1:5 </p>"
rvind,20.0,Kejadian,1.0,1.0,20.0,"<FR><sup>a</sup><Fr>Berfirmanlah Allah: ""Hendaklah dalam air berkeriapan <FR><sup>1b</sup><Fr>makhluk yang hidup, dan hendaklah<FR><sup>2</sup><Fr>burung beterbangan di atas bumi melintasi cakrawala.""","<p>(a)Berfirmanlah, </p><p> Gen_1:3 </p><p>(1)(b)makhluk, </p><p> Psa_104:25 Lit., binatang-binatang. Ini adalah hayat binatang dengan kesadaran yang terendah, berkaitan dengan langkah pertama dalam pertumbuhan hayat kaum beriman (cf. 1Jo_2:13). Hayat binatang di laut melambangkan kekayaan hayat Kristus dalam kuat kuasa yang mengalahkan kematian (yang dilambangkan oleh air asin) dalam hidup-Nya. Sama seperti ikan dapat hidup di air asin tanpa menjadi asin, Kristus dan kaum beriman-Nya, yang memiliki hayat ilahi, dapat hidup dalam dunia setani tanpa ""diasinkan"" oleh kebobrokan dunia (cf. Joh_14:30; Joh_17:15-16). Hayat binatang di laut juga memperlihatkan kekayaan hayat Kristus dalam memberi makan manusia dengan kekayaan-Nya ( Joh_6:9 a; Joh_21:9). </p><p>(2)burung, Hayat burung lebih tinggi daripada hayat ikan. Ikan dapat hidup dalam air kematian, tetapi burung-burung dapat melampaui air kematian. Melalui bertumbuh lebih lanjut dalam hayat ilahi, kaum beriman mampu melampaui semua rintangan di bumi (cf. Isa_40:31). Hayat burung melambangkan kekayaan hayat Kristus seperti terlihat pada diri-Nya sebagai rajawali untuk membawa umat tebusan Allah kepada tujuan-Nya ( Exo_19:4; Deu_32:11-12; Rev_12:14) dan dalam diri-Nya sebagai burung tekukur atau merpati untuk dipersembahkan kepada Allah karena dosa-dosa umat Allah ( Lev_1:14; Lev_5:7). </p>"
rvind,21.0,Kejadian,1.0,1.0,21.0,"Maka Allah menciptakan <FR><sup>a</sup><Fr>binatang-binatang laut yang besar dan segala jenis makhluk hidup yang bergerak, yang berkeriapan dalam air, dan <FR><sup>b</sup><Fr>segala jenis burung yang bersayap. Allah melihat bahwa semuanya itu <FR><sup>c</sup><Fr>baik.","<p>(a)binatang-binatang, </p><p> Psa_104:26; Psa_74:14; Isa_27:1 </p><p>(b)segala, </p><p> Gen_1:11 </p><p>(c)baik, </p><p> Gen_1:4 </p>"
rvind,22.0,Kejadian,1.0,1.0,22.0,"Lalu Allah <FR><sup>a</sup><Fr>memberkati semuanya itu, firman-Nya: ""<FR><sup>b</sup><Fr>Berkembangbiaklah dan bertambah banyaklah serta penuhilah air dalam laut, dan hendaklah burung-burung di bumi bertambah banyak.""","<p>(a)memberkati, </p><p> Gen_1:28; Gen_5:2; Gen_9:1 </p><p>(b)berkembangbiaklah, </p><p> Gen_1:28; Gen_8:17; Gen_9:1, Gen_9:7; Gen_28:3; Gen_35:11; Gen_48:4; Lev_26:9 </p>"
rvind,23.0,Kejadian,1.0,1.0,23.0,"Jadilah petang dan jadilah pagi, itulah hari kelima.",Tidak ada catatan
rvind,24.0,Kejadian,1.0,1.0,24.0,"Berfirmanlah Allah: ""Hendaklah bumi mengeluarkan <FR><sup>a</sup><Fr>segala jenis makhluk yang hidup<FR><sup>1b</sup><Fr>, <FR><sup>2</sup><Fr>ternak dan <FR><sup>3</sup><Fr>binatang melata dan segala jenis <FR><sup>2</sup><Fr>binatang liar<FR><sup>1b</sup><Fr>."" Dan jadilah demikian.","<p>(a)segala, </p><p> Gen_2:19; Psa_148:10 </p><p>(1)(b)hidup, </p><p> Gen_1:11 Lit. menurut jenisnya. </p><p>(2)ternak, (2)binatang, Ternak dan binatang-binatang di bumi adalah hayat yang lebih tinggi dengan kesadaran yang lebih tinggi daripada ikan dan burung-burung, hayat yang dapat merampungkan sesuatu di bumi. Binatang-binatang dan ternak di darat melambangkan kekayaan hayat Kristus seperti terlihat dalam Kristus sebagai singa yang menaklukkan ( Rev_5:5) untuk berperang bagi ekonomi Allah, seperti terlihat dalam Kristus sebagai domba dan anak lembu untuk dipersembahkan kepada Allah guna menggenapkan penebusan sempurna Allah ( Lev_1:2-3, Lev_1:10; Lev_3:1, Lev_3:6, Lev_3:12; Lev_4:3; Lev_5:6; Joh_1:29; 1Pe_1:19; Rev_5:6-9), dan seperti terlihat dalam Kristus sebagai lembu untuk memikul tanggung jawab dan berjerih lelah dengan setia bagi perampungan kehendak Allah ( Mat_20:28; Joh_6:38). Melalui pertumbuhan hayat ilahi yang lebih lanjut, kaum beriman dalam Kristus dapat menempuh hidup di bumi yang berguna untuk menggenapkan kehendak Allah (cf. 1Co_3:2; Gal_6:2; 1Co_15:58). </p><p>(3)binatang, Lihat cat. 266. </p>"
rvind,25.0,Kejadian,1.0,1.0,25.0,Allah menjadikan segala jenis binatang liar<FR><sup>1a</sup><Fr> dan segala jenis ternak<FR><sup>1a </sup><Fr>dan segala jenis binatang melata di muka bumi<FR><sup>1a</sup><Fr>. Allah melihat bahwa semuanya itu <FR><sup>b</sup><Fr>baik.,"<p>(1)(a)liar, (1)ternak, (1)bumi, </p><p> Gen_1:11 Lit., menurut jenisnya. </p><p>(b)baik, </p><p> Gen_1:4 </p>"
rvind,26.0,Kejadian,1.0,1.0,26.0,"Berfirmanlah Allah: ""<FR><sup>1</sup><Fr>Baiklah <FR><sup>a</sup><Fr>Kita menjadikan <FR><sup>2b</sup><Fr>manusia <FR><sup>c</sup><Fr>menurut <FR><sup>3d</sup><Fr>gambar dan <FR><sup>3e</sup><Fr>rupa Kita, supaya <FR><sup>4</sup><Fr>mereka <FR><sup>5f</sup><Fr>berkuasa atas ikan-ikan di laut dan burung-burung di udara dan atas ternak dan atas seluruh bumi dan atas segala <FR><sup>6</sup><Fr>binatang melata yang merayap di bumi.""","<p>(1)Baiklah, Baiklah Kita. mewahyukan bahwa satu rapat diadakan di antara Tiga ke-Allahan sehubungan dengan penciptaan manusia. Keputusan untuk menciptakan manusia telah ditetapkan oleh Allah Tritunggal dalam kekekalan yang lampau, menunjukkan bahwa penciptaan manusia adalah untuk tujuan kekal Allah Tritunggal ( Eph_3:9-11). Maksud Allah dalam menciptakan manusia adalah untuk melaksanakan ekonomi ilahi-Nya guna menyalurkan diri-Nya ke dalam manusia ( 1Ti_1:4 dan cat. 3 alinea 1). Hal ini sepenuhnya disingkapkan dalam kitab-kitab selanjutnya. </p><p>(a)Kita, </p><p> Gen_3:22; Gen_11:7; Isa_6:8 </p><p>(2)(b)manusia, </p><p> Gen_2:7; Psa_8:5-6; Heb_2:6-7; Ecc_7:29; cf. Eph_4:24; Col_3:10 Atau, umat manusia; Ibraninya Adam. Demikian juga dalam ayat selanjutnya. Hayat manusia adalah hayat ciptaan yang tertinggi, hayat yang dapat mengekspresikan Allah dalam gambar dan rupa-Nya dan dapat melaksanakan kekuasaan untuk Allah. Adam, manusia pertama, melambangkan Kristus ( Rom_5:14; 1Co_15:45, 1Co_15:47; Psa_8:5-9; Heb_2:6-9) sebagai inti ciptaan Allah ( Col_1:16-17), sebagai Kepala semua ciptaan ( Col_1:15) dan semua laki-laki ( 1Co_11:3), sebagai ekspresi Allah dalam gambar dan rupa Allah ( Heb_1:3; 2Co_4:4; Col_1:15), dan sebagai wakil Allah untuk berkuasa atas segala makhluk yang diciptakan oleh Allah ( Psa_8:7-9; Mat_28:18). </p><p>(c)menurut, . Gen_1:11 </p><p>(3)(d)gambar, (3)rupa, </p><p> Gen_1:27; Gen_9:6; 1Co_11:7; Col_1:15; cf. 2Co_3:18 Gambar Allah, mengacu kepada bagian batin Allah, adalah ekspresi esens batin atribut-atribut Allah, yang paling utama adalah kasih ( 1Jo_4:8), terang ( 1Jo_1:5), kekudusan ( Rev_4:8), dan kebenaran (keadilan-LAI, Jer_23:6). Rupa Allah, mengacu kepada bentuk Allah ( Phi_2:6), adalah ekspresi esens dan sifat persona Allah. Jadi, gambar Allah dan rupa Allah seharusnya tidak dianggap sebagai dua hal yang terpisah. Kebajikan-kebajikan batini manusia, yang diciptakan dalam roh manusia, adalah salinan (kopi) atribut-atribut Allah dan adalah sarana manusia untuk mengekspresikan atribut-atribut Allah. Bentuk luaran manusia, yang diciptakan sebagai tubuh manusia, adalah salinan (kopi) bentuk Allah. Jadi, Allah menciptakan manusia sebagai duplikat diri-Nya sendiri supaya manusia dapat memiliki kapasitas untuk menampung Allah dan mengekspresikan Dia. Semua makhluk hidup lainnya diciptakan ""menurut jenisnya"" (ay. 11-12, 21, 24-25), tetapi manusia diciptakan menurut jenis Allah (cf. Act_17:28-29 a). Karena Allah dan manusia berjenis sama, manusia mampu bersatu dengan Allah dan hidup bersama Dia dalam kesatuan yang organik ( Joh_15:5; Rom_6:5; Rom_11:17-24; 1Co_6:17). Kristus, Anak, sebagai perwujudan Allah ( Col_2:9), adalah gambar Allah yang tidak kelihatan, ekspresi esens atribut-atribut Allah ( Col_1:15; 2Co_4:4; Heb_1:3). Manusia diciptakan menurut Kristus dengan maksud supaya Kristus dapat masuk ke dalam manusia dan diekspresikan melalui manusia ( Col_1:27; Phi_1:20-21 a). Manusia yang diciptakan adalah satu bejana hidup, wadah untuk diisi Kristus ( Rom_9:21, Rom_9:23; 2Co_4:7). Akhirnya, dalam inkarnasi-Nya Kristus mengenakan sifat manusia dan menjadi serupa dengan manusia ( Phi_2:6-8), sehingga melalui kematian dan kebangkitan-Nya, manusia bisa memperoleh hayat Allah yang ilahi dan kekal ( 1Pe_1:3; 1Jo_5:11-12) dan oleh hayat ini diubah dan diserupakan dengan gambar Kristus secara batini ( 2Co_3:18; Rom_8:29), dan ditransfigurasi ke dalam rupa tubuh mulia Kristus secara lahiriah ( Phi_3:21), supaya dia bisa menjadi sama seperti Kristus ( 1Jo_3:2 b) dan bisa mengekspresikan Allah bersama Dia kepada alam semesta ( Eph_3:21). Manusia yang diciptakan adalah satu duplikat Allah dalam gambar dan rupa Allah, tetapi dia tidak memiliki realitas Allah atau hayat Allah. Jadi, dia masih perlu menerima Allah sebagai hayatnya melalui makan pohon hayat, supaya dia bisa memiliki realitas Allah untuk mengekspresikan Dia ( Gen_2:9 dan cat. 2). </p><p>(e)rupa, </p><p> Gen_5:1; Jam_3:9 </p><p>(4)mereka, Kata ganti mereka di sini dan dalam ay. 27-28 dan nya dalam Gen_5:2 menunjukkan bahwa Adam adalah satu manusia korporat, satu manusia kolektif, mencakup seluruh umat manusia. Allah tidak menciptakan banyak manusia; Dia menciptakan umat manusia secara kolektif dalam satu persona, Adam. Allah menciptakan satu manusia korporat demikian dalam gambar-Nya dan menurut rupa-Nya sehingga umat manusia dapat mengekspresikan Allah secara korporat. </p><p>(5)(f)berkuasa, </p><p> Psa_8:7-9; Heb_2:7-8; Gen_9:2; Jam_3:7 Allah menciptakan satu manusia korporat bukan hanya untuk mengekspresikan diri-Nya dengan gambar-Nya, tetapi juga untuk mewakili Dia dengan menjalankan kekuasaan-Nya atas segala makhluk. Maksud Allah memberikan kuasa kepada manusia adalah (1) untuk menundukkan musuh Allah, Iblis, yang memberontak melawan Allah; (2) untuk memulihkan bumi, yang dirampas oleh Iblis; dan (3) unuk menjalankan kekuasaan Allah atas bumi agar Kerajaan Allah dapat datang ke bumi, kehendak Allah dapat terjadi di bumi, dan kemuliaan Allah dapat dinyatakan di bumi ( Mat_6:10, Mat_6:13 b). Maksud Allah ialah agar manusia dapat mengekspresikan Allah dalam gambar-Nya dan mewakili Allah dengan kekuasaan-Nya digenapkan bukan dalam Adam sebagai manusia pertama ( 1Co_15:45 a), manusia lama ( Rom_6:6), tetapi dalam Kristus sebagai manusia kedua ( 1Co_15:47 b dan cat. 3), manusia baru ( Eph_2:15 dan cat. 7), terdiri atas Kristus sebagai Kepala dan gereja sebagai Tubuh-Nya ( Eph_1:22-23; 1Co_12:12 dan cat. 2; 1Co_3:10-11 dan cat. 119). Hal ini sepenuhnya digenapkan dalam kaum beriman pemenang, yang memperhidupkan Kristus untuk ekspresi korporat-Nya ( Phi_1:19-26) dan akan memiliki kuasa atas bangsa-bangsa dan memerintah sebagai raja bersama Kristus dalam Kerajaan Seribu Tahun ( Rev_2:26-27; Rev_20:4, Rev_20:6). Hal ini akhirnya akan digenapi dalam Yerusalem Baru, yang akan mengekspresikan gambar Allah, memiliki kemuliaan-Nya dan mengemban penampakan-Nya ( Rev_4:3 a; Rev_21:11, Rev_21:18 a), dan juga melaksanakan otoritas ilahi-Nya untuk menjalankan kekuasaan Allah atas alam semesta sampai selama-lamanya ( Rev_21:24; Rev_22:5). </p><p>(6)binatang, Melambangkan Iblis, ular ( Gen_3:1, Gen_14; Rev_12:9), dan malaikat-malaikatnya ( Mat_25:41; Rev_12:4 a, Rev_12:7 b), demikian juga setan-setan yang mengikuti Iblis (cf. Luk_10:19). Lihat cat. 62 alinea 1 dalam Why. 4. </p>"
rvind,27.0,Kejadian,1.0,1.0,27.0,"Maka Allah menciptakan manusia itu<FR><sup>a</sup><Fr>menurut gambar-Nya, menurut gambar Allah diciptakan-Nya dia; <FR><sup>b</sup><Fr>laki-laki dan perempuan <FR><sup>c</sup><Fr>diciptakan-Nya mereka.","<p>(a)menurut, . Gen_1:11 </p><p>(b)laki-laki, </p><p> Gen_5:2; Mat_19:4; Mar_10:6; cf. Gen_2:18, Gen_2:21-23 </p><p>(c)diciptakan-Nya, </p><p> Isa_43:7 </p>"
rvind,28.0,Kejadian,1.0,1.0,28.0,"Allah <FR><sup>a</sup><Fr>memberkati mereka, lalu Allah berfirman kepada mereka: ""<FR><sup>b</sup><Fr>Beranakcuculah dan bertambah banyak; penuhilah bumi dan <FR><sup>1</sup><Fr>taklukkanlah itu, berkuasalah atas ikan-ikan di laut dan burung-burung di udara dan atas segala binatang yang merayap di bumi.""","<p>(a)memberkati, </p><p> Gen_1:22 </p><p>(b)Beranakcuculah, </p><p> Gen_1:22 </p><p>(1)taklukkanlah, Taklukkanlah di sini menyiratkan bahwa perang sedang berkecamuk di bumi antara Allah dengan musuh-Nya, Iblis. Siapa pun yang memperoleh bumi akan memiliki kemenangan. Manusia diciptakan oleh Allah untuk menundukkan, menaklukkan bumi, dan memulihkannya bagi Allah. </p>"
rvind,29.0,Kejadian,1.0,1.0,29.0,"Berfirmanlah Allah: ""Lihatlah, Aku memberikan kepadamu segala tumbuh-tumbuhan yang berbiji di seluruh bumi dan segala pohon-pohonan yang buahnya berbiji; itulah akan menjadi <FR><sup>1a</sup><Fr>makananmu.","<p>(1)(a)makananmu, </p><p> Gen_9:3; Psa_104:14; Psa_45:15-16 Lihat cat. 31 dalam ps. 9. </p>"
rvind,30.0,Kejadian,1.0,1.0,30.0,"Tetapi kepada segala binatang di bumi dan segala burung di udara dan segala yang merayap di bumi, yang bernyawa, Kuberikan segala tumbuh-tumbuhan hijau menjadi makanannya."" Dan jadilah demikian.",Tidak ada catatan
rvind,31.0,Kejadian,1.0,1.0,31.0,"Maka Allah melihat segala yang dijadikan-Nya itu, sungguh<FR><sup>1</sup><Fr>amat <FR><sup>a</sup><Fr>baik. Jadilah petang dan jadilah pagi, itulah hari keenam.","<p>(1)amat, Sebelumnya Allah telah berkata ""baik"" (ay. 4, 10, 12, 21, 25), tetapi di sini Dia berkata ""sungguh amat baik"" karena Adam memiliki gambar Allah dan telah diberi kekuasaan Allah. </p><p>(a)baik, </p><p> 1Ti_4:4 </p>"
rvind,32.0,Kejadian,1.0,2.0,1.0,Demikianlah diselesaikan langit dan bumi dan segala isinya.,Tidak ada catatan
rvind,33.0,Kejadian,1.0,2.0,2.0,"Ketika Allah pada <FR><sup>a</sup><Fr>hari ketujuh telah menyelesaikan pekerjaan yang dibuat-Nya itu, <FR><sup>1b</sup><Fr>berhentilah Ia pada hari ketujuh dari segala pekerjaan yang telah dibuat-Nya itu.","<p>(a)hari, </p><p> Exo_20:8-11; Exo_31:17; Deu_5:12-14 </p><p>(1)(b)berhentilah, </p><p> Heb_4:4, Heb_4:10 Allah beristirahat karena Dia telah menyelesaikan pekerjaan-Nya dan dipuaskan. Kemuliaan Allah dinyatakan karena manusia memiliki gambar-Nya, dan kuasa-Nya harus dijalankan untuk menaklukkan musuh-Nya, Iblis. Selama manusia mengekspresikan Allah dan menanggulangi musuh Allah, Allah dipuaskan dan mendapat perhentian. Selanjutnya, hari ketujuh diperingati sebagai hari Sabat ( Exo_20:8-11). Hari ketujuh Allah adalah hari pertama manusia. Allah telah menyiapkan segala sesuatu untuk kenikmatan manusia. Setelah diciptakan, manusia tidak bergabung dengan pekerjaan Allah; dia memasuki perhentian Allah. Manusia diciptakan bukan untuk bekerja, tetapi untuk dipuaskan bersama Allah dan beristirahat bersama Allah (cf. Mat_11:28-30). Hari Sabat dibuat untuk manusia, bukan manusia untuk hari Sabat ( Mar_2:27). Perhentian di sini adalah satu benih yang berkembang di seluruh Alkitab dan dituai dalam Kitab Wahyu. Perkembangan benih ini mencakup perhentian hari Sabat ( Exo_20:8-11) dan perhentian tanah permai ( Deu_12:9; Heb_4:8) dalam Perjanjian Lama, perhentian Hari Tuhan dalam Perjanjian Baru ( Rev_1:10; Act_20:7; 1Co_16:2), dan perhentian Kerajaan Seribu Tahun ( Heb_4:1, Heb_4:3, Heb_4:9, Heb_4:11). Perampungan perhentian adalah perhentian langit baru dan bumi baru dengan Yerusalem Baru, yang di dalamnya semua orang kudus yang tertebus akan mengekspresikan kemuliaan Allah ( Rev_21:11, Rev_21:23) dan memerintah bersama otoritas Allah ( Rev_22:5 b) sampai selama-lamanya. Lihat cat. 91 dalam Ibr. 4. </p>"
rvind,34.0,Kejadian,1.0,2.0,3.0,"Lalu Allah memberkati hari ketujuh itu dan menguduskannya, karena pada hari itulah Ia berhenti dari segala pekerjaan penciptaan yang telah dibuat-Nya itu.",Tidak ada catatan
rvind,35.0,Kejadian,1.0,2.0,4.0,"<FR><sup>1</sup><Fr>Demikianlah riwayat langit dan bumi pada waktu <FR><sup>2</sup><Fr>diciptakan. <FR><sup>3</sup><Fr>Ketika <FR><sup>4</sup><Fr>TUHAN Allah <FR><sup>2</sup><Fr>menjadikan bumi dan langit, -","<p>(1)Demikianlah, Kedambaan dan tujuan Allah untuk memiliki manusia korporat adalah untuk mengekspresikan Dia dalam gambar-Nya dan untuk mewakili Dia dengan kuasa-Nya disingkapkan dalam Gen_1:1-2:3. Sisa ps. 2 adalah catatan tambahan untuk mewahyukan jalan, prosedur yang Allah ambil untuk merampungkan tujuan-Nya. Jalan ini adalah hayat. Untuk mengekspresikan Allah dan mewakili Allah, manusia harus memiliki Allah sebagai hayatnya, yang dilambangkan oleh pohon hayat dalam ay. 9. </p><p>(2)diciptakan, (2)menjadikan, Lihat cat. 14, alinea 1, dalam ps. 1. Pertama, Allah menciptakan langit dan bumi ( Gen_1:1); kemudian Dia menjadikan bumi dan langit. Dalam penciptaan Allah, penciptaan yang pertama adalah langit dan kemudian bumi ( Gen_1:1), sedangkan dalam pemulihan dan penciptaan lebih lanjut Allah, penciptaan yang pertama adalah bumi dan kemudian langit. </p><p>(3)ketika, Lit. Pada hari. </p><p>(4)TUHAN, Elohim ( Gen_1:1) adalah nama Allah dalam hubungan-Nya dengan penciptaan, sedangkan Yehova (Tuhan, LAI) adalah nama Allah dalam hubungan-Nya dengan manusia. Yehova berarti Aku adalah Aku ( Exo_3:14; cf. Joh_8:24, Joh_8:28, Joh_8:58), menunjukkan bahwa Yehova adalah sang Kekal yang swa-ada dan kekal ada, Dia yang sudah ada, yang ada, dan yang akan datang ( Rev_1:4). </p>"
rvind,36.0,Kejadian,1.0,2.0,5.0,"belum ada semak apa pun di bumi, belum timbul <FR><sup>a</sup><Fr>tumbuh-tumbuhan apa pun di padang, sebab TUHAN Allah belum menurunkan hujan ke bumi, dan belum ada orang untuk <FR><sup>1b</sup><Fr>mengusahakan tanah itu;","<p>(a)tumbuh-tumbuhan, . Gen_1:11-12 </p><p>(1)(b)mengusahakan, </p><p> Gen_2:15; Gen_3:23 Ini melambangkan, tidak ada manusia yang bekerja bersama Allah melalui jerih lelah manusia dalam koordinasi dengan jerih lelah ilahi-Nya (cf. Joh_5:17; 1Co_3:9). Bila manusia berjerih lelah dalam koordinasi dengan jerih lelah Allah, Allah memiliki dasar untuk mengirim hujan, melambangkan Roh hayat-Nya ( Joe_2:23, Joe_2:28-29), berbaur dengan manusia, debu tanah (ay. 7), untuk menghasilkan hayat. </p>"
rvind,37.0,Kejadian,1.0,2.0,6.0,tetapi ada kabut naik ke atas dari bumi dan membasahi seluruh permukaan bumi itu -,Tidak ada catatan
rvind,38.0,Kejadian,1.0,2.0,7.0,ketika itulah TUHAN Allah <FR><sup>1</sup><Fr>membentuk <FR><sup>2</sup><Fr>manusia itu dari <FR><sup>3a</sup><Fr>debu <FR><sup>4</sup><Fr>tanah dan menghembuskan <FR><sup>5b</sup><Fr>nafas hidup ke dalam hidungnya; demikianlah manusia itu menjadi <FR><sup>6c</sup><Fr>makhluk yang hidup.,"<p>(1)membentuk, Seperti seorang tukang periuk membentuk tanah liatnya. Lihat cat. 14, alinea 1, dalam ps. 1. </p><p>(2)manusia, Ibraninya adam. Langkah pertama prosedur Allah dalam menggenapkan tujuan-Nya adalah menciptakan manusia sebagai bejana untuk diisi diri-Nya sebagai hayat ( Rom_9:21, Rom_9:23; 2Co_4:7; 2Ti_2:21). </p><p>(3)(a)debu, </p><p> Gen_3:19, Gen_3:23; Psa_103:14; 1Co_15:47; Isa_64:8 Tubuh manusia, yang dibentuk dari debu tanah, adalah bentuk luaran manusia dan merupakan organ manusia untuk mengontak alam materi. </p><p>(4)tanah, Ibraninya adamah. </p><p>(5)(b)nafas, </p><p> Gen_7:22; Job_27:3; Job_33:4; Act_17:25; cf. Joh_20:22 Ibraninya neshamah, diterjemahkan roh dalam Ams. 20:27, menunjukkan bahwa nafas hayat dihembuskan ke dalam tubuh manusia menjadi roh manusia, roh insani (cf. Job_32:8). Roh manusia adalah organ batin manusia untuk mengontak Allah, menerima Allah, diisi Allah, dan mengasimilasi Allah ke dalam seluruh dirinya sebagai hayatnya dan segala sesuatunya. Roh ini secara khusus dibentuk oleh Allah dan menduduki tempat yang sama penting dengan langit dan bumi dalam Firman kudus Allah ( Zec_12:1). Roh manusia adalah untuk menyembah Allah ( Joh_4:24), untuk dilahirkan kembali oleh Allah ( Joh_3:6 b), dan disatukan dengan Allah ( 1Co_6:17; 2Ti_4:22) supaya manusia dapat berjalan dan hidup dalam satu kesatuan organik dengan Allah ( Rom_8:4 b) untuk menggenapkan tujuan Allah. Nafas hayat yang dihembuskan ke dalam lubang hidung manusia bukan hayat kekal Allah atau Roh Allah. Lihat cat. 382 dalam Luk. 3. Manusia baru menerima Roh Allah ketika Tuhan menghembuskan Roh Kudus ke dalam murid-murid-Nya pada hari kebangkitan-Nya ( Joh_20:22). Namun, karena dihasilkan dari nafas hidup Allah, roh manusia sangat mirip dengan Roh Allah. Jadi, transmisi antara Allah Roh dengan roh manusia dimungkinkan, dan roh manusia dapat mengontak Allah dan bersatu dengan Allah ( Rom_8:16 dan cat. 2; 1Co_6:17 dan cat. 2) Roh manusia memiliki tiga fungsi: hati nurani, memampukan manusia mengenal apa yang Allah benarkan dan apa yang Dia hakimi ( Rom_9:1 dan cat. 2); persekutuan, supaya manusia dapat mengontak Allah, menyembah Allah, dan berkomunikasi dengan Allah ( Joh_4:24; Eph_6:18 a; Rom_1:9); dan intuisi, memberi manusia perasaan langsung dan pengenalan langsung dari Allah ( Mar_2:8; 1Co_2:11). </p><p>(6)(c)makhluk, </p><p> 1Co_15:45 Lit. Jiwa. Jiwa manusia, yang adalah personanya, dirinya ( Exo_1:5; Act_2:41), tidak dibentuk dari unsur tertentu tetapi dihasilkan dari bergabungnya roh manusia dengan tubuh manusia. Jiwa, yang tersusun dari pikiran, emosi, dan tekad manusia, memiliki kesadaran psikologis untuk mengontak alam psikologis. beraspek tritunggal-Bapa, Anak, dan Roh ( Mat_28:19); dan manusia beraspek tripartit-roh dan jiwa dan tubuh ( 1Th_5:23). Allah Tritunggal menciptakan manusia tripartit demikian untuk menjadi satu bejana yang hidup supaya manusia dapat memiliki kemampuan untuk menampung Allah dan bersatu dengan Allah secara organik ( Joh_15:4-5; Rom_11:17-24) menjadi organisme-Nya untuk ekspresi-Nya dalam keinsanian. Lihat cat. 235 dalam 1 Tes. 5 dan cat. 123 dan 124 dalam Ibr. 4. </p>"
rvind,39.0,Kejadian,1.0,2.0,8.0,"Selanjutnya TUHAN Allah membuat <FR><sup>a</sup><Fr>taman di <FR><sup>1</sup><Fr>Eden, di sebelah timur; di situlah ditempatkan-Nya manusia yang dibentuk-Nya itu.","<p>(a)taman, </p><p> Gen_2:15; Gen_13:10; Isa_51:3; Joe_2:3; cf. Eze_28:13; Eze_31:8-9; Rev_2:7 </p><p>(1)Eden, Satu kata Ibrani yang berarti sukaria. </p>"
rvind,40.0,Kejadian,1.0,2.0,9.0,"Lalu TUHAN Allah menumbuhkan berbagai-bagai pohon dari bumi, yang <FR><sup>1</sup><Fr>menarik dan yang baik untuk dimakan buahnya; dan <FR><sup>2a</sup><Fr>pohon kehidupan di tengah-tengah taman itu, serta <FR><sup>3b</sup><Fr>pohon pengetahuan tentang yang baik dan yang jahat.","<p>(1)menarik, Menunjukkan bahwa Allah ingin menyenangkan manusia dan membuatnya bergembira. Allah ingin manusia senang bersama Dia dan puas bersama Dia (Psa_100; Phi_4:4) </p><p>(2)(a)pohon, </p><p> Gen_3:22, Gen_3:24; Eze_47:12; Rev_2:7; Rev_22:2, Rev_22:14, Rev_22:19; cf. Joh_6:48; Joh_15:1 Langkah kedua dari prosedur Allah dalam menggenapkan tujuan-Nya adalah menempatkan manusia yang diciptakan di depan pohon hayat, yang melambangkan Allah Tritunggal yang diwujudkan dalam Kristus sebagai hayat untuk manusia dalam bentuk makanan. Allah menempatkan manusia di depan pohon hayat menunjukkan bahwa Allah ingin manusia menerima Dia sebagai hayat manusia melalui makan Dia secara organik dan mengasimilasi Dia secara metabolis, supaya Allah dapat menjadi susunan diri manusia. Menurut Yoh. 1:1, 4, hayat ada dalam Firman, yang adalah diri Allah. Hayat ini-hayat Allah yang ilahi, kekal, dan bukan ciptaan-adalah Kristus ( Joh_11:25; Joh_14:6; Col_3:4 a), yang adalah perwujudan Allah ( Col_2:9). Pohon hayat bertumbuh sepanjang dua sisi sungai air hayat ( Rev_22:1-2), menunjukkan bahwa pohon ini adalah pohon anggur. Karena Kristus adalah pokok anggur ( Joh_15:1) dan juga adalah hayat, Dia adalah pohon hayat. Dia diproses melalui inkarnasi, penyaliban, dan kebangkitan supaya manusia dapat memiliki hayat dan hidup melalui makan Dia ( Joh_10:10 b; Joh_6:51, Joh_6:57, Joh_6:63). </p><p>(3)(b)pohon, </p><p> Gen_2:17 Pohon pengetahuan yang baik dan jahat melambangkan Iblis sebagai sumber kematian manusia ( Heb_2:14). Pohon ini juga melambangkan segala sesuatu yang terpisah dari Allah, karena segala sesuatu yang bukan Allah sendiri, termasuk hal-hal yang baik dan bahkan hal-hal yang alkitabiah dan hal-hal yang agamawi, dapat dipergunakan oleh Iblis, si licik untuk membawa kematian kepada manusia. Bahkan Alkitab yang diilhamkan Allah dan hukum Taurat yang diberikan Allah dapat dipergunakan Iblis sebagai pohon pengetahuan untuk mendatangkan kematian ( Joh_5:39-40; 2Co_3:6 b). Pohon hayat menyebabkan manusia bersandar kepada Allah ( Joh_15:5), sedangkan pohon pengetahuan menyebabkan manusia memberontak melawan Allah dan merdeka dari Dia (cf. Gen_3:5). Kedua pohon itu menghasilkan dua garis--garis hayat dan garis kematian-yang menyusuri seluruh Alkitab dan berakhir dalam Kitab Wahyu. Kematian dimulai dengan pohon pengetahuan (ay. 17) dan diakhiri dengan lautan api ( Rev_20:10, Rev_20:14). Hayat dimulai dengan pohon hayat dan diakhiri dengan Yerusalem Baru, kota air hayat ( Gen_22:1-2). </p>"
rveng,1.0,Genesis,1.0,1.0,1.0,<FR><sup>1a</sup><Fr>In the <FR><sup>2</sup><Fr>beginning <FR><sup>3</sup><Fr>God <FR><sup>4b</sup><Fr>created the <FR><sup>5</sup><Fr>heavens and the earth.,"<p>(1)(a)In,</p><p> cf. Joh_1:1-2 </p><p> The Bible, composed of two testaments, the Old Testament and the New Testament, is the complete written divine revelation of God to man. The major revelation in the entire Bible is the unique divine economy of the unique Triune God ( Eph_1:10 ; Eph_3:9 ; 1Ti_1:4 b). The centrality and universality of this divine economy is the all inclusive and unsearchably rich Christ as the embodiment and expression of the Triune God ( Col_2:9 ; Col_1:15-19 ; Joh_1:18 ). The goal of the divine economy is the church as the Body, the fullness, the expression, of Christ ( Eph_1:22 b- Eph_1:23 ; Eph_3:8-11 ), which will consummate in the New Jerusalem as the union, mingling, and incorporation of the processed and consummated Triune God and His redeemed, regenerated, transformed, and glorified tripartite people. The accomplishing of the divine economy is revealed in the Bible progressively in many steps, beginning with God's creation in Gen 1-2 and consummating with the New Jerusalem in Rev_21-22. In the Old Testament the contents of God's economy are revealed mainly in types, figures, and shadows, whereas in the New Testament all the types, figures, and shadows are fulfilled and realized. Thus, the Old Testament is a figurative portrait of God's eternaleconomy, and the New Testament is the practical fulfillment.</p><p> Genesis, adopted by the Septuagint as the title of this book, is a Latin word meaning giving of birth, origin. As the first book in the Bible, Genesis gives birth to and is the origin of the divine truths in the holy Word. Thus, the seeds of the divine truths are sown in this book. These seeds grow and develop in the succeeding books, especially in the New Testament, and are finally harvested in the last book, the book of Revelation.</p><p> The book of Genesis is a miniature of the complete revelation of the entire Bible. It begins with a man created in God's image ( Gen_1:26 ) and ends with a man called Israel ( Gen_32:28 ; Gen_48:2 ), a trans-formed person, a man not only outwardly in the image of God but a man in whom God has wrought Himself, making him His expression. The trans-formed Israel is a seed, a miniature, of the New Jerusalem.</p><p> Apparently, chs. 1-2 of Genesis are merely a record of creation; actually, nearly every item in the record of these two chapters is a revelation of Christ, who is life to God's people ( Joh_1:1 , 4; Joh_11:25 ; Joh_14:6 ) for the producing and building up of the church. Chapters 3-50 present biographies of eight great persons in two groups of four, representing two races of men: Adam, Abel, Enoch, and Noah, representing the created race, and Abraham, Isaac, Jacob, and Joseph, representing the called race. What is recorded is not primarily the works of these men but mainly their life, their living, and their way with God. In Genesis God uses both the record of creation and the biographies of eight persons to reveal the life that fulfills His purpose.</p><p>(2)beginning,</p><p> Referring to the beginning of time (cf. Joh_1:1 ). Time began at the creation of the universe and continues until the final judgment at the great white throne ( Rev_20:11-15 ). Time is for the accomplishing of God's eternal purpose, which God made in eternity past ( Eph_3:11 ) for eternity future.</p><p>(3)God,</p><p> Heb_Elohim, meaning the Mighty One. The Hebrew name here is plural, but the verb created is singular. Furthermore, in v. 26 the plural pronouns Us and Our are used in reference to God, whereas in v. 27 the pronouns He and His are used. These are seeds of the Trinity. God is one ( Isa_45:5 ; 1Co_8:4 ; 1Ti_2:5 ), but He is also three-the Father, the Son, and the Spirit ( Mat_28:19 ). He is the Triune God. It was the Triune God who created. See note 1 41, par..3, in 2Co_13.</p><p> Genesis is divided into three sections, each beginning with a name. The first section ( Gen_1:1 - Gen_2:25 ), beginning with the name God, concerns God's creation; the second ( Gen_3:1 - Gen_11:32 ), beginning with the serpent, covers the serpent's corrupting of mankind; and the third ( Gen_12:1 - Gen_50:26 ), beginning with the name Jehovah, concerns Jehovah's calling of fallen man.</p><p>(4)(b)created,</p><p> Zec_12:1 ; Psa_33:6 ; Isa_42:5 ; Isa_45:18 ; Jer_10:12 ; Jer_51:15 ; Joh_1:3 </p><p> Created here., denoting to bring something into existence out of nothing, differs from made in Gen_2:4 and formed in Gen_2:7 , the latter two denoting to take something that already exists and use it to produce something else.</p><p> The motive of God's creation was to fulfill God's desire and to satisfy His good pleasure ( Eph_1:5 , Eph_1:9 ). The purpose of God's creation is to glorify the Son of God ( Col_1:15-19 ) and to manifest God Himself ( Psa_19:1-2 ; Rom_1:20 and notes 1 and 2), especially in man ( 1Ti_3:16 ) through His Son, Christ, who is the embodiment of God and the image, the expression, of God ( Col_2:9 ; Col_1:15 ). The basis of God's creation is God's will and plan ( Eph_1:10 and note 1; Rev_4:11 and note 2). The means of God's creation were the Son of God ( Col_1:15-16 ; Heb_1:2 b) and the Word of God ( Heb_11:3 ; Joh_1:1-3 ), both of whom are Christ ( Joh_1:1 , Joh_1:18 ; Rev_19:13 ).</p><p>(5)heavens,</p><p> In the process of God's creation, the heavens and the angels therein were created first, and the earth, probably with some living creatures, was created second ( Job_38:4-7 and note 71).</p>"
rveng,2.0,Genesis,1.0,1.0,2.0,"<FR><sup>1</sup><Fr>But the earth became <FR><sup>2a</sup><Fr>waste and emptiness, and <FR><sup>2</sup><Fr>darkness was on the surface of the <FR><sup>3</sup><Fr>deep,<FR><sup>4</sup><Fr>and the <FR><sup>5b</sup><Fr>Spirit of God was brooding upon the surface of the waters.","<p>(1)But,</p><p> God created the earth in a good order ( Job_38:4-7 ; Isa_45:18 ). But here and became later in this verse indicate that something happened to cause God's creation to become ""waste and emptiness."" This cataclysmic event was God's judgment on the preadamic universe following Satan's rebellion. This judgment was executed on Satan, on the angels and the preadamic creatures living on the earth who joined Satan in his rebel lion, and on the heavens and the earth themselves. See Isa_14:12-15 and notes; Eze_28:12-19 and notes.</p><p>(2)(a)waste, (2)darkness,</p><p> Jer_4:23 ; Isa_24:1 </p><p> Whenever the words waste and emptiness are used together in the Old Testament, they denote a result of God's judgment (cf. Jer_4:23 ; Isa_24:1 ; Isa_34:11 ). The darkness on the surface of the deep also is a sign of God's judgment (cf. Exo_10:21-22 ; Rev_16:10 ).</p><p>(3)deep,</p><p> I.e., the deep water. In the Bible water sym bolizes either life ( Joh_4:10 , Joh_4:14 ; Joh_7:38 ; Rev_22:1 ) or death ( Gen_7:17-24 ; Exo_14:21-30 ; Joh_3:5 ; Rom_6:3 ). The water here signifies death. As a result of God's judgment on the preadamic universe, the entire earth was covered with deep water, signifying that the earth was filled with death and was under death. See notes 23(1) in Mark 1, 1(6) in 1 Tim.4, and 1(3) in Rev_21.</p><p>(4)and,</p><p> Verse 1 is a record of God's original creation. Verse 2a refers to God's judgment on the preadamic universe. The entire section from Gen_1:2 b- Gen_2:3 refers not to God's original creation but to God's restoration of the damaged universe, plus His further creation, in six days.</p><p>(5)(b)Spirit,</p><p> Psa_104:30 </p><p> Heb_ruach, variously translated spirit, wind, breath. This is the first mentioning of the Spirit in the Bible. The Spirit of God, as the Spirit of life ( Rom_8:2 ), came to brood over the waters of death in order to generate life, especially man (t 26), for God's purpose. In spiritual experience, the Spirit's coming is the first requirement for generating life ( Joh_6:63 a).</p>"
rveng,3.0,Genesis,1.0,1.0,3.0,"And God <FR><sup>1a</sup><Fr>said, Let there be<FR><sup>1b</sup><Fr>light; and there was light.","<p>(1)(a)said, (1)l </p><p> Gen_1:6 , 9, Gen_1:11 , Gen_1:14 , Gen_1:20 , Gen_1:24 , Gen_1:26 ; Psa_33:6 , Psa_33:9 ; Heb_11:3 </p><p> After the Spirit's brooding (v. 2b), the word of God came to bring in the light (cf. Psa_119:10 5, Psa_119:43 0). In spiritual experience, the coming of the Vtord is the second requirement for generating life ( Joh_5:24 ; Joh_6:63 b), and the coming of the light is the third requirement ( Mat_4:13-16 ; Joh_1:1-13 ).</p><p> The Spirit, the word, and the light were the instruments used by God to generate life for the fulfillment of His purpose. The Spirit, the word, and the light are all of life ( Rom_8:2 ; Phi_2:16 ; Joh_8:12 b). Christ as the Spirit is the reality of ,Cod( Rom_8:9-10 ; 2Co_3:17 ; Joh_16:13-15 ); Christ as the Word is the speaking of God ( Joh_1:1 ; Heb_1:2 ); and Christ as the light is the shining of God ( Joh_8:12 a Joh_9:5 ).</p><p>(b)light,</p><p> Isa_45:7 ; 2Co_4:6 ; cf. Joh_1:4-5 </p>"
rveng,4.0,Genesis,1.0,1.0,4.0,"And God saw that the light was <FR><sup>a</sup><Fr>good, and God <FR><sup>1b</sup><Fr>separated the light from the darkness.","<p>(a)good,</p><p> Gen_1:10 , Gen_1:12 , Gen_1:18 , Gen_1:21 , Gen_1:25 , Gen_1:31 (1)(b)separated,</p><p> cf. 2Co_6:14 </p><p> The separation of the light from the dark-mess for the purpose of discerning day from night (v.5; cf. 2Co_6:14 b) is the fourth requirement for generating life.</p>"
rveng,5.0,Genesis,1.0,1.0,5.0,"And God called the light <FR><sup>a</sup><Fr>Day, and the darkness He called Night. And<FR><sup>b</sup><Fr>there was evening and there was morning, one day.","<p>(a)Day,</p><p> Psa_74:16 ; Jer_33:20 (b)there,</p><p> Gen_1:8 , Gen_1:13 , Gen_1:19 , Gen_1:23 , Gen_1:31 </p>"
rveng,6.0,Genesis,1.0,1.0,6.0,"And God<FR><sup>a</sup><Fr>said, Let there be an <FR><sup>1</sup><Fr>expanse in the midst of the waters, and let it <FR><sup>2b</sup><Fr>separate the waters from the waters.","<p>(a)said,</p><p> Gen_1:3 </p><p>(1)expanse,</p><p> The atmosphere , the air surrounding the earth.</p><p>(2)(b)separate,</p><p> Psa_104:6-7 </p><p> The separating of the waters by producing an expanse between them, signifying, spiritually, the dividing of the heavenly things from the earthly things through the work of the cross ( Col_3:1-3 ; Heb_4:12 ), was the fifth requirement for generating life.</p>"
rveng,7.0,Genesis,1.0,1.0,7.0,"And God made the expanse and separated the waters which were under the expanse from the <FR><sup>a</sup><Fr>waters which were above the expanse, and it was so.","<p>(a)waters,</p><p> Psa_148:4 </p>"
rveng,8.0,Genesis,1.0,1.0,8.0,"And God called the expanse Heaven. And <FR><sup>a</sup><Fr>there was evening and there was morning, a second day.<FR><sup>1</sup><Fr>","<p>(a)there,</p><p> Gen_1:5 (1)day,</p><p> At the end of the second day there is no record that God said that the expanse (the air) and the waters were good (cf vv. 4, 10, 12, 18, 21, 25). This is because in the air there are fallen angels ( Eph_2:2 ; Eph_6:12 ), and the water is the dwelling place of the demons ( Mat_12:43 and note).</p>"
rveng,9.0,Genesis,1.0,1.0,9.0,"And God<FR><sup>a</sup><Fr>said, Let the waters under the heavens be <FR><sup>b</sup><Fr>gathered together into one place, and let the <FR><sup>1c</sup><Fr>dry land appear; and it was so.","<p>(a)said,</p><p> Gen_1:3 (b)gathered,</p><p> Psa_33:7 ; Psa_104:7-9 ; Job_38:8-11 (1)(c)dry,</p><p> 2Pe_3:5 ; Job_38:4-6 </p><p> The appearing of the dry land is the sixth requirement for generating life. This took place on the third day, corresponding to the day of res urrection ( 1Co_15:4 ). In the Bible the sea represents death and the land represents Christ (see note 71 in Deu_8) as the generating source of life. After the land appeared, every kind of life-the plant life, the animal life, and even the human life-was produced out of the land (vv. 11-12, 24- 27; Gen_2:7 ). This typifies that the divine life with all its riches comes out of Christ. On the third day Christ came out of death in resurrection to gener ate life ( Joh_12:24 ; 1Pe_1:3 ) for the constituting of the church.</p>"
rveng,10.0,Genesis,1.0,1.0,10.0,"And God called the dry land <FR><sup>1</sup><Fr>Earth, and the gathering together of the waters He called <FR><sup>1</sup><Fr>Seas; and God saw that it was <FR><sup>a</sup><Fr>good.","<p>(1)Earth, (1)Seas,</p><p> Dividing the land from the waters signifies separating life from death. From the second day (vv. 6-7) God began to work to confine and limit the waters of death that covered the earth (cf. Jer_5:22 ). Eventually, when God's work is completed, in the new heaven and new earth there will be no more sea ( Rev_21:1 and note 3). Furthermore, in the New Jerusalem there will be no more night ( Rev_21:25 and note 2). This means that both death and darkness will be eliminated.</p><p>(a)good,</p><p> Gen_1:4 </p>"
rveng,11.0,Genesis,1.0,1.0,11.0,"And God <FR><sup>a</sup><Fr>said, Let the earth <FR><sup>b</sup><Fr>sprout <FR><sup>1</sup><Fr>grass, herbs yielding seed, and fruit trees bearing fruit <FR><sup>c</sup><Fr>according to their kind with their seed in them upon the earth; and it was so.","<p>(a)said,</p><p> Gen_1:3 (b)sprout,</p><p> Gen_2:9 ; Psa_104:14 (1)grass,</p><p> The plant life is the lowest form of life, a life without consciousness, corresponding to the earliest stage of the divine life in a newly- regenerated believer (cf. 1Co_3:6 ). The countless varieties of the plant life typify the rich expression of the unsearchable riches of the life of Christ in their beauty for man's sight ( Gen_2:9 ), in their fragrance (S. S. 1:12-13), and in their nourishing man and animals ( Gen_1:29-30 ). The trees ( Gen_2:9 ; Exo_15:23-25 ; S. S. 2:3; 5:15; Isa_S. S. 11:1; Joh_15:1 ; Rev_22:2 ), the flowers (S. S. 1:14), and the grains as food for man ( Joh_6:9 , Joh_6:13 ) and as offerings to God ( Lev_2:1-3 , Lev_2:14 ) are all types of Christ.</p><p>(c)according,</p><p> Gen_1:12 , Gen_1:21 , Gen_1:24 , Gen_1:25 ; cf. Gen_1:26 , Gen_1:27 </p>"
rveng,12.0,Genesis,1.0,1.0,12.0,"And the earth brought forth grass, herbs yielding seed <FR><sup>a</sup><Fr>according to their kind, and trees bearing fruit with their seed in them <FR><sup>a</sup><Fr>according to their kind; and God saw that it was <FR><sup>b</sup><Fr>good.","<p>(a)according,</p><p> Gen_1:11 (b)good,</p><p> Gen_1:4 </p>"
rveng,13.0,Genesis,1.0,1.0,13.0,"And <FR><sup>a</sup><Fr>there was evening and there was morning, a third day.","<p>(a)there,</p><p> Gen_1:5 </p>"
rveng,14.0,Genesis,1.0,1.0,14.0,"And God <FR><sup>a</sup><Fr>said, Let there be <FR><sup>1b</sup><Fr>light-bearers in the expanse of heaven to separate the day from the night, and let them be for <FR><sup>2c</sup><Fr>signs and for seasons and for days and years;","<p>(a)said,</p><p> Gen_1:3 (1)(b)light-bearers,</p><p> Psa_136:7 ; Psa_104:19 </p><p> According to the revelation of the whole Bible, light is for life; light and life always go together ( Psa_36:9 ; Mat_4:16 ; Joh_1:4 ; Joh_8:12 ; 1 Joh_1:1-7 ). The higher the light, the higher the life. The indefinite light of the first day (v. 3) was sufficient for generating the lowest forms of life; the more solid and more definite light from the light-bearers-the sun, the moon, and the stars (v. 16; Psa_136:7-9 )-on the fourth day was necessary for producing the higher forms of life, including the human life. This signifies that for our spiritual rebirth, the light of the ""first day"" is sufficient; but for the growth in the divine life unto maturity, more and stronger light, the light of the ""fourth day,"" is needed.</p><p>(2)(c)signs,</p><p> cf. Mat_2:2 , 9 </p><p> All the signs, seasons, days, and years are shadows of Christ ( Col_2:16-17 ).</p>"
rveng,15.0,Genesis,1.0,1.0,15.0,And let them be light-bearers in the expanse of heaven to give light on the earth; and it was so,<p> No footnotes in this verse</p>
rveng,16.0,Genesis,1.0,1.0,16.0,"And God <FR><sup>1a</sup><Fr>made the two great light-bearers, the <FR><sup>2</sup><Fr>greater light-bearer to rule the day and the <FR><sup>3</sup><Fr>lesser light-bearer to rule the night, and the <FR><sup>4b</sup><Fr>stars.","<p>(1)(a)made,</p><p> Psa_136:7-9 </p><p> Although the sun, the moon, and the stars had been created earlier (cf. Job_38:7 ), God stopped their functions when He judged the heavens and the earth following Sata n's rebellion (see note 51 in Job_9). On the fourth day their functions were recovered for the producing of the higher forms of life.</p><p>(2)greater,</p><p> The sun ( Psa_136:8 ), signifying Christ ( Mal_4:2 ; Luk_1:78-79 ; Mat_4:16 ; Eph_5:14 ). The over coming saints were also likened to the sun by the Lord Jesus ( Mat_13:43 a).</p><p>(3)lesser,</p><p> The moon ( Psa_136:9 ). In Josep h's dream his father was likened to the sun, his mother, to the moon, and his brothers, to the stars ( Gen_37:9 ). The moon can be considered a figure of the church, the wife of Christ (cf. S. S. 6:10). The moon has no light of its own but shines in the night by reflecting the light of the sun. Likewise, the church shines in the dark night of the church age by reflecting the divine light of Christ (cf. Phi_2:15 ).</p><p>(4)(b)stars,</p><p> Job_38:31-33 </p><p> The stars first signify Christ ( Num_24:17 ; 2Pe_1:19 ; Rev_22:16 b). Although Christ is the real sun, He does not appear as the sun during the present age of night. Rather, He shines as the bright morning star ( Rev_22:16 and note 4). The stars also signify the overcoming saints ( Dan_12:3 ; cf. Rev_1:20 ). The light from the stars is needed particularly when the moon wanes; likewise, theshining of the overcoming saints as the heavenly stars is needed particularly in the time of the church's degradation ( Rev_2:7 , Rev_2:11 , Rev_2:17 , Rev_26-28; Rev_3:5 , Rev_3:12 , Rev_3:20-21 ).</p>"
rveng,17.0,Genesis,1.0,1.0,17.0,And God <FR><sup>a</sup><Fr>set them in the expanse of heaven to give light on the earth,"<p>(a)set,</p><p> Jer_31:35 ; Job_38:12-13 </p>"
rveng,18.0,Genesis,1.0,1.0,18.0,"And to <FR><sup>1</sup><Fr>rule over the day and over the night and to <FR><sup>1</sup><Fr>separate the light from the darkness, and God saw that it was <FR><sup>a</sup><Fr>good.","<p>(1)rule, (1)separate,</p><p> The ruling of the fourth-day lights also strengthened the separating of the light from the darkness in v. 4. Both are requirements for the growth in life.</p><p>(a)good,</p><p> Gen_1:4 </p>"
rveng,19.0,Genesis,1.0,1.0,19.0,"And <FR><sup>a</sup><Fr>there was evening and there was morning, a fourth day.","<p>(a)there,</p><p> Gen_1:5 </p>"
rveng,20.0,Genesis,1.0,1.0,20.0,"And God <FR><sup>a</sup><Fr>said, Let the waters swarm with swarms of <FR><sup>1b</sup><Fr>living animals, and let<FR><sup>2</sup><Fr>birds fly above the earth in the open expanse of heaven","<p>(a)said,</p><p> Gen_1:3 (1)(b)living,</p><p> Psa_104:25 </p><p> This is the animal life with the lowest consciousness, corresponding to the first step in the believers' growth in life (cf. 1Jo_2:13 ). The animal life in the sea typifies the riches of the life of Christ in the power that overcomes death (signified by the salt water) in His living. Just as fish can live in salt water without becoming salty, Christ and His believers, who have the divine life, can live in the satanic world without being ""salted"" by the world's corruption (cf. Joh_14:30 ; Joh_17:15-16 ). The animal life in the sea also shows the riches of Christ's life in feeding man with His riches ( Joh_6:9 a; Joh_21:9 ).</p><p>(2)birds,</p><p> The bird life is higher than the fish life. Fish can live in the death waters, but birds can transcend the death waters. By growing further in the divine life, the believers are able to transcend all the frustrations of the earth (cf. Isa_40:31 ). The bird life typifies the riches of the life of Christ as seen in His being the eagle for carrying God's redeemed to His destination ( Exo_19:4 ; Deu_32:11-12 ; Rev_12:14 ) and in His being the turtledoves or pigeons for offering to God for the sins of God's people ( Lev_1:14 ; Lev_5:7 ).</p>"
rveng,21.0,Genesis,1.0,1.0,21.0,"And God created the <FR><sup>a</sup><Fr>great sea creatures and every living animal that moves, with which the waters swarmed,<FR><sup>b </sup><Fr>according to their kind, and every winged bird baccording to its kind; and God saw that it was<FR><sup>c</sup><Fr>good.","<p>(a)great,</p><p> Psa_104:26 ; Psa_74:14 ; Isa_27:1 (b)according,</p><p> Gen_1:11 (c)good,</p><p> Gen_1:4 </p>"
rveng,22.0,Genesis,1.0,1.0,22.0,"And God <FR><sup>a</sup><Fr>blessed them, saying, Be <FR><sup>b</sup><Fr>fruitful and multiply, and fill the waters in the seas, and let the birds multiply on the earth.","<p>(a)blessed,</p><p> Gen_1:28 ; Gen_5:2 ; Gen_9:1 (b)fruitful,</p><p> Gen_1:28 ; Gen_8:17 ; Gen_9:1 , Gen_9:7 ; Gen_28:3 ; Gen_35:11 ; Gen_48:4 ; Lev_26:9 </p>"
rveng,23.0,Genesis,1.0,1.0,23.0,"And there was evening and there was morning, a fifth day.",<p> No footnotes in this verse</p>
rveng,24.0,Genesis,1.0,1.0,24.0,"And God said, Let the earth bring forth <FR><sup>a</sup><Fr>living animals <FR><sup>b</sup><Fr>according to their kind, <FR><sup>1</sup><Fr>cattle and <FR><sup>2</sup><Fr>creeping things and <FR><sup>1</sup><Fr>animals of the earth baccording to their kind; and it was so.","<p>(a)living,</p><p> Gen_2:19 ; Psa_148:10 (b)according,</p><p> Gen_1:11 (1)cattle, (1)animals,</p><p> The cattle and the animals on the earth are a higher life with a higher consciousness than that of the fish and the birds, a life that can accomplish something on the earth. The animals and the cattle on the land typify the riches of the life of Christ as seen in Christ as the conquering lion ( Rev_5:5 ) to fight for God's economy, as seen in Christ as the sheep and oxen for offering to God for the fulfillment of God's full redemption ( Lev_1:2-3 , Lev_1:10 ; Lev_3:1 , Lev_3: 6, Lev_3:12 ; Lev_4:3 ; Lev_5:6 ; Joh_1:29 ; 1Pe_1:19 ; Rev_5:6-9 ), and as seen in Christ as the ox to bear the responsibility and to labor faithfully for the accomplishing of God's will ( Mat_20:28 ; Joh_6:38 ). Through further growth in the divine life the believers in Christ are able to live on the earth a life that is useful for the fulfilling of God's will (cf. 1Co_3:2 ; Gal_6:2 ; 1Co_15:58 ).</p><p>(2)creeping,</p><p> See note 26(6).</p>"
rveng,25.0,Genesis,1.0,1.0,25.0,"And God made the animals of the earth <FR><sup>a</sup><Fr>according to their kind and the cattle according to their kind and everything that creeps on the ground <FR><sup>a</sup><Fr>according to its kind, and God saw that it was <FR><sup>b</sup><Fr>good.","<p>(a)according,</p><p> Gen_1:11 (b)good,</p><p> Gen_1:4 </p>"
rveng,26.0,Genesis,1.0,1.0,26.0,"And God said, <FR><sup>1</sup><Fr>Let <FR><sup>a</sup><Fr>Us make <FR><sup>2b</sup><Fr>man <FR><sup>c</sup><Fr>in Our <FR><sup>3d</sup><Fr>image, according to Our <FR><sup>3e</sup><Fr>likeness; and let<FR><sup>4</sup><Fr>them have <FR><sup>5f</sup><Fr>dominion over the fish of the sea and over the birds of heaven and over the cattle and over all the earth and over every<FR><sup>6</sup><Fr>creeping thing that creeps upon the earth.","<p>(1)Let,</p><p> Let Us... reveals that a council was held among the Three of the Godhead regarding the creation of man. The decision to create man had been made by the Triune God in eternity past, indicating that the creation of man was for the eternal purpose of the Triune God ( Eph_3:9-11 ). God's intention in creating man was to carry out His divine economy for the dispensing of Himself into man ( 1Ti_1:4 and note 3, par. 1). This is fully unveiled in the following books of the Bible.</p><p>(a)Us,</p><p> Gen_3:22 ; Gen_11:7 ; Isa_6:8 (2)(b)man,</p><p> Gen_2:7 ; Psa_8:4-5 ; Heb_2:6-7 ; Ecc_7:29 ; cf. Eph_4:24 ; Col_3:10 </p><p> Or, mankind; Heb_adam. So also in the next verse. The human life is the highest created life, the life that can express God in His image and likeness and can exercise dominion for God. Adam, the first man, typifies Christ ( Rom_5:14 ; 1Co_15:45 , 1Co_15:47 ; Psa_8:4-8 ; Heb_2:6-9 ) as the center of God's creation ( Col_1:16-17 ), as the Head of all creation ( Col_1:15 ) and of all men ( 1Co_11:3 ), as God's expression in God's image and likeness ( Heb_1:3 ; 2Co_4:4 ; Col_1:15 ), and as God's representative to rule over all things created by God ( Psa_8:6-8 ; Mat_28:18 ).</p><p>(c)in,</p><p> cf. Gen_1:11 (3)(d)image, (3)likeness,</p><p> Gen_1:27 ; Gen_9:6 ; 1Co_11:7 ; Col_1:15 ; cf. 2Co_3:18 </p><p> God's image, referring to God's inner being, is the expression of the inward essence of God's attributes, the most prominent of which are love (1 Joh_4:8 ), light (1 Joh_1:5 ), holiness ( Rev_4:8 ), and righteousness ( Jer_23:6 ). God's likeness, refer -ring to God's form ( Phi_2:6 ), is the expression of the essence and nature of God's person. Thus, God's image and God's likeness should not be considered as two separate things. Man's inward virtues, created in man's spirit, are copies of God's attributes and are the means for man to express God's attributes. Man's outward form, created as man's body, is a copy of God's form. Thus, God created man to be a duplication of Himself that man may have the capacity to contain God and express Him. All the other living things were created ""according to their kind"" (vv. 11-12, 21, 24-25), but man was created according to God's kind (cf. Act_17:28-29 a). Since God and man are of the same kind, it is possible for man to be joined to God and to live together with Him in an organic union ( Joh_15:5 ; Rom_6:5 ; Rom_11:17-24 ; 1Co_6:17 ).</p><p> Christ the Son, as God's embodiment ( Col_2:9 ), is the image of the invisible God, the expression of the essence of God's attributes ( Col_1:15 ; 2Co_4:4 ; Heb_1:3 ). Man was created according to Christ with the intention that Christ would enter into man and be expressed through man ( Col_1:27 ; Phi_1:20-21 a). Created man is a living vessel, a container, to contain Christ ( Rom_9:21 , Rom_9:23 ; 2Co_4:7 ). Eventually, in His incarnation Christ put on human nature and became in the likeness of men ( Phi_2:6-8 ) so that through His death and resurrection man may obtain God's eternal, divine life ( 1Pe_1:3 ; 1 Joh_5:11-12 ) and by that life be trans -formed and conformed to the image of Christ inwardly ( 2Co_3:18 ; Rom_8:29 ) and transfigured into the likeness of Christ's glorious body outwardly ( Phi_3:21 ) that he may be the same as Christ (1 Joh_3:2 b) and may express God with Him to the universe ( Eph_3:21 ).</p><p> Created man was a duplication of God in God's image and likeness, but he did not have the reality of God or the life of God. Thus, he still needed to receive God as his life by eating of the tree of life so that he might have the reality of God to express Him (2:9 and note 2).</p><p>(e)likeness,</p><p> Gen_5:1 ; Jam_3:9 (4)them,</p><p> The pronouns them here and in vv. 27-28 and their in 5:2 indicate that Adam was a corporate man, a collective man, including all man-kind. God did not create many men; He created mankind collectively in one person, Adam. God created such a corporate man in His image and according to His likeness so that mankind might express God corporately.</p><p>(5)(f)dominion,</p><p> Psa_8:6-8 ; Heb_2:7-8 ; Gen_9:2 ; Jam_3:7 </p><p> God created a corporate man not only to express Himself with His image but also to rep-resent Him by exercising His dominion over all things. God's intention in giving man dominion is (1) to subdue God's enemy, Satan, who rebelled against God; (2) to recover the earth, which was usurped by Satan; and (3) to exercise God's authority over the earth in order that the kingdom of God may come to the earth, the will of God may be done on the earth, and the glory of God may be manifested on the earth ( Mat_6:10 , Mat_6:13 b).</p><p> God's intention that man would express God in His image and represent God with His dominion is fulfilled not in Adam as the first man ( 1Co_15:45 a), the old man ( Rom_6:6 ), but in Christ as the second man ( 1Co_15:47 b and note 2), the new man ( Eph_2:15 and note 8), comprising Christ Himself as the Head and the church as His Body ( Eph_1:22-23 ; 1Co_12:12 and note 2; Col_3:10-11 and note 119). It is fully fulfilled in the overcoming believers, who live Christ for His corporate expression ( Phi_1:19-26 ) and will have authority over the nations and reign as co-kings with Christ in the millennium ( Rev_2:26-27 ; Rev_20:4 , Rev_20:6 ). It will ultimately be fulfilled in the New Jerusalem, which will express God's image, having His glory and bearing His appearance ( Rev_4:3 a; Rev_21:11 , Rev_21:18 a), and also exercise God\'s divine authority to maintain God's dominion over the entire universe for eternity ( Rev_21:24 ; Rev_22:5 ).</p><p>(6)creeping,</p><p> Typifying Satan, the serpent ( Gen_3:1 , 14; Rev_12:9 ), and his angels ( Mat_25:41 ; Rev_12:4 a, Rev_12:7 b), as well as the demons who follow Satan (cf. Luk_10:19 ). See note 62, par. 1, in Rev_4.</p>"
rveng,27.0,Genesis,1.0,1.0,27.0,And God created man <FR><sup>a</sup><Fr>in His own image; in the image of God He created him; <FR><sup>b</sup><Fr>male and female He <FR><sup>c</sup><Fr>created them.,"<p>(a)in,</p><p> cf. Gen_1:11 (b)male,</p><p> Gen_5:2 ; Mat_19:4 ; Mar_10:6 ; cf. Gen_2:18 , Gen_2:21-23 (c)created,</p><p> Isa_43:7 </p>"
rveng,28.0,Genesis,1.0,1.0,28.0,"And God <FR><sup>a</sup><Fr>blessed them; and God said to them, Be <FR><sup>b</sup><Fr>fruitful and multiply, and fill the earth and <FR><sup>1</sup><Fr>subdue it, and have dominion over the fish of the sea and over the birds of heaven and over every living thing that moves upon the earth.","<p>(a)blessed,</p><p> Gen_1:22 (b)fruitful,</p><p> Gen_1:22 (1)subdue,</p><p> Subdue here implies that a war is raging on earth between God and His enemy, Satan. Whoever gains the earth will have the victory. Man was created by God to subdue, to conquer, the earth and recover it for God.</p>"
rveng,29.0,Genesis,1.0,1.0,29.0,"And God said, Behold, I have given you every herb that produces seed that is on the surface of all the earth and every tree<FR><sup>1</sup><Fr>which has fruit that produces seed; they shall be for you as <FR><sup>2a</sup><Fr>food.","<p>(1)which,</p><p> Lit., on which is the fruit of a tree-yielding seed.</p><p>(2)(a)food,</p><p> Gen_9:3 ; Psa_104:14 ; Psa_145:15 -16 </p><p> See note 31 in ch. 9.</p>"
rveng,30.0,Genesis,1.0,1.0,30.0,"And to every animal of the earth and to every bird of heaven and to everything that creeps upon the earth, in which is a living soul, I have given every green herb for food; and it was so.",<p> No footnotes in this verse</p>
rveng,31.0,Genesis,1.0,1.0,31.0,"And God saw everything that He had made, and indeed, it was <FR><sup>1</sup><Fr>very <FR><sup>a</sup><Fr>good. And there was evening and there was morning, the sixth day.","<p>(1)very,</p><p> Previously God had said ""good"" (vv. 4, 10, 12, 21, 25), but here He said ""very good"" because Adam had God's image and had been given God's dominion.</p><p>(a)good,</p><p> 1Ti_4:4 ""</p>"
rveng,32.0,Genesis,1.0,2.0,1.0,Thus the heavens and the earth and all their host were finished.,<p> No footnotes in this verse</p>
rveng,33.0,Genesis,1.0,2.0,2.0,"And on the <FR><sup>a</sup><Fr>seventh day God finished His work which He had done, and He <FR><sup>1</sup><Fr><FR><sup>b</sup><Fr>rested on the seventh day from all His work which He had done.","<p>(a)seven,</p><p> Exo_20:8-11 ; Exo_31:17 ; Deu_5:12-14 (1)(b)rested,</p><p> Heb_4:4 , Heb_4:10 </p><p> God rested because He had finished His work and was satisfied. God's glory was manifested because man had His image, and His authority was about to be exercised for the subduing of His enemy, Satan. As long as man expresses God and deals with God's enemy, God is satisfied and can rest.</p><p> Later, the seventh day was commemorated as the Sabbath ( Exo_20:8-11 ). God's seventh day was man's first day. God had prepared everything for man's enjoyment. After man was created, he did not join in God's work; he entered into God's rest. Man was created not to work but to be satisfied with God and rest with God (cf. Mat_11:28-30 ). The Sabbath was made for man, not man for the Sabbath ( Mar_2:27 ).</p><p> The rest here is a seed that develops through the Bible and is harvested in Revelation. The development of this seed includes the rest of the Sabbath day ( Exo_20:8-11 ) and the rest of the good land ( Deu_12:9 ; Heb_4:8 ) in the Old Testament, the rest of the Lord's Day in the New Testament ( Rev_1:10 ; Act_20:7 ; 1Co_16:2 ), and the rest of the millennial kingdom ( Heb_4:1 , Heb_4:3 , Heb_4:9 , Heb_4:11 ). The con-summation of rest is the rest of the new heaven and new earth with the New Jerusalem, in which all the redeemed saints will express God's glory ( Rev_21:11 , Rev_21:23 ) and reign with God's authority ( Rev_22:5 b) for eternity. See note 91 in Heb_4.</p>"
rveng,34.0,Genesis,1.0,2.0,3.0,And God blessed the seventh day and sanctified it because in it He rested from all His work which God had super <FR><sup>1</sup><Fr>created and made.,"<p>(1)created,</p><p> Lit., created to make.</p>"
rveng,35.0,Genesis,1.0,2.0,4.0,"<FR><sup>1</sup><Fr>These are the generations of the heavens and of the earth when they were <FR><sup>2</sup><Fr>created. <FR><sup>3</sup><Fr>When <FR><sup>4</sup><Fr>Jehovah God <FR><sup>2</sup><Fr>made earth and heaven,","<p>(1)These,</p><p> God's desire and purpose to have a corporate man to express Him in His image and to rep-resent Him with His authority is unveiled in Gen_1:1 - Gen_2:3 . The remainder of ch. 2 is an added record to reveal the way, the procedure, God takes to accomplish His purpose. This way is life. In order for man to express God and represent God, he must have God as his life, signified by the tree of life in v. 9.</p><p>(2)created, (2)made,</p><p> See note 14, par. 1, in ch. 1. First, God cre ated the heavens and the earth ( Gen_1:1 ); then He made the earth and the heavens. In God's creation, it was first the heavens and then the earth ( Gen_1:1 ), whereas in God's restoration and further creation, it was first the earth and then the heavens.</p><p>(3)When,</p><p> Lit., In the day.</p><p>(4)Jehovah,</p><p> Elohim ( Gen_1:1 ) is the name of God in His relationship to creation, whereas Jehovah is God's name in His relationship with man. Jehovah means I am who I am ( Exo_3:14 ; cf. Joh_8:24 , Joh_8: 28, Joh_8: 58), indicating that Jehovah is the self-existing and ever-existing eternal One, the One who was in the past, who is in the present, and who will be in the future forever ( Rev_1:4 ).</p>"
rveng,36.0,Genesis,1.0,2.0,5.0,"And no <FR><sup>a</sup><Fr>plant of the field was yet in the earth, and no herb of the field had yet sprung up-for Jehovah God had not caused it to rain upon the earth, and there was no man to <FR><sup>1b</sup><Fr>work the ground,","<p>(a)plant,</p><p> cf. Gen_1:11-12 (1)(b)work,</p><p> Gen_2:15 ; Gen_3:23 </p><p> This signifies that there was no man to work with God by human labor in coordination with His divine labor (cf. Joh_5:17 ; 1Co_3:9 ). When man labors in coordination with God's labor, God has the basis to send the rain, signifying His Spirit of life ( Joe_2:23 , Joe_28-29), to mingle with man, the dust of the earth (v. 7), to produce life.</p>"
rveng,37.0,Genesis,1.0,2.0,6.0,But a mist went up from the earth and watered the whole surface of the ground-,<p> No footnotes in this verse</p>
rveng,38.0,Genesis,1.0,2.0,7.0,"Jehovah God <FR><sup>1</sup><Fr>formed<FR><sup>2</sup><Fr>man from the <FR><sup>3a</sup><Fr>dust of the <FR><sup>4</sup><Fr>ground and breathed into his nostrils the <FR><sup>5b</sup><Fr>breath of life, and man became a living <FR><sup>6c</sup><Fr>soul.","<p>(1)formed,</p><p> Or, shaped (as a potter would). See note 14, par. 1, in ch. 1.</p><p>(2)man,</p><p> Heb_adam . The first step of God's procedure in fulfilling His purpose was to create man as a vessel to contain Himself as life ( Rom_9:21 , Rom_9: 23; 2Co_4:7 ; 2Ti_2:21 ).</p><p>(3)(a)dust,</p><p> Gen_3:19 , Gen_3:23 ; Psa_103:14 ; 1Co_15:47 ; Isa_64:8 </p><p> Man's body, formed from the dust of the ground, is man's outward form and an organ for him to contact the material realm.</p><p>(4)ground,</p><p> Heb_adamah.</p><p>(5)(b)breath,</p><p> Gen_7:22 ; Job_27:3 ; Job_33:4 ; Act_17:25 ; cf. Joh_20:22 </p><p> Heb_neshamah, translated spirit in Pro_20:27 , indicating that the breath of life breathed into man's body became the spirit of man, the human spirit (cf. Job_32:8 ). Man's spirit is his inward organ for him to contact God, receive God, contain God; and assimilate God into his entire being as his life and his everything. It was specifically formed by God and is ranked in importance with the heavens and the earth in God\'s holy Word ( Zec_12:1 ). The spirit of man is for man to worship God ( Joh_4:24 ), to be regenerated by God ( Joh_3:6 b), and to be joined to God ( 1Co_6:17 ; 2Ti_4:22 ) that man may walk and live in an organic union with God ( Rom_8:4 b) to fulfill God's purpose.</p><p> The breath of life breathed into man's nostrils was not the eternal life of God nor the Spirit of God. See note 382 in Luk_3. Man did not receive the Spirit of God until the Lord breathed the Holy Spirit into His disciples on the day of His resurrection ( Joh_20:22 ). Nevertheless, because the human spirit came out of God's breath of life, it is very close to the Spirit of God. Thus, there can be a transmission between God the Spirit and man's spirit, and the human spirit is able to con-tact God and be one with God ( Rom_8:16 and note 2; 1Co_6:17 and note 2).</p><p> Within man's spirit there are three functions: conscience, enabling man to know what God justifies and what He condemns ( Rom_9:1 and note 2); fellowship, that man may contact God, worship God, and commune with God ( Joh_4:24 ; \ Eph_6:18 a; Rom_1:9 ); and intuition, giving man a direct sense of God and a direct knowledge from God ( Mar_2:8 ; 1Co_2:11 ).</p><p>(6)(c)soul,</p><p> 1Co_15:45 </p><p> Man's soul, which is his person, his very self ( Exo_1:5 ; Act_2:41 ), was not formed from a certain element but was produced by the combining of the human spirit and the human body. The soul, composed of man's mind, emotion, and will, has the psychological consciousness to con-tact the psychological realm.</p><p> God is triune-the Father, the Son, and the Spirit ( Mat_28:19 )-and man is tripartite-spirit and soul and body ( 1Th_5:23 ). The Triune God created such a tripartite man to be a living vessel that man may have the capacity to contain God and be joined to God organically ( Joh_15:4-5 ; Rom_11:17-24 ) to be His organism for His expression in humanity. See note 23(5) in 1Th_5 and notes 12(2) and 12(3) in Heb_4.</p>"
rveng,39.0,Genesis,1.0,2.0,8.0,"And Jehovah God planted <FR><sup>a </sup><Fr>agarden in <FR><sup>1</sup><Fr>Eden, in the east; and there He put the man whom He had formed.","<p>(a)agarden,</p><p> Gen_2:15 ; Gen_13:10 ; Isa_51:3 ; Joe_2:3 ; cf. Eze_28:13 ; Eze_31:8-9 ; Rev_2:7 (1)Eden,</p><p> A Hebrew word meaning pleasure.</p>"
rveng,40.0,Genesis,1.0,2.0,9.0,"And out of the ground Jehovah God caused to grow every tree that is <FR><sup>1</sup><Fr>pleasant to the sight and good for food, as well as the <FR><sup>2a</sup><Fr>tree of life in the middle of the garden and the <FR><sup>3b</sup><Fr>tree of the knowledge of good and evil.","<p>(1)pleasant,</p><p> Indicating that God wanted to please man and make him happy. God wants man to be pleased with Him and satisfied with Him (Psa_100; Phi_4:4 ).</p><p>(2)(a)tree,</p><p> Gen_3:22 , Gen_3:24 ; Eze_47:12 ; Rev_2:7 ; Rev_22:2 , Rev_22:14 , Rev_22:19 ; cf. Joh_6:48 ; Joh_15:1 </p><p> The second step of God's procedure in fulfilling His purpose was to place the created man in front of the tree of life, which signifies the Triune God embodied in Christ as life to man in the form of food. God's placing man in front of the tree of life indicates that God wanted man to receive Him as man's life by eating Him organically and assimilating Him metabolically, that God might become the very constituent of man's being. According to Joh_1:1 , Joh_1:4 , life is in the Word, who is God Himself. This life-the divine, eternal, uncreated life of God-is Christ ( Joh_11:25 ; 14:6; Col_3:4 a), who is the embodiment of God ( Col_2:9 ). The tree of life grows along the two sides of the river of water of life ( Rev_22:1-2 ), indicating that it is a vine. Since Christ is a vine tree ( Joh_15:1 ) and is also life, He is the tree of life. He was processed through incarnation, crucifixion, and resurrection that man might have life and live by eating Him ( Joh_10:10 b; Joh_6:51 , Joh_6:57 , Joh_6:63 ).</p><p>(3)(b)tree,</p><p> Gen_2:17 </p><p> The tree of the knowledge of good and evil signifies Satan as the source of death to man ( Heb_2:14 ). It also signifies all things apart from God, for anything that is not God Himself, including good things and even scriptural things and religious things, can be utilized by Satan, the subtle one, to bring death to man. Even the Scriptures inspired by God and the law given by God can be utilized by Satan as the tree of knowledge to bring in death ( Joh_5:39-40 ; 2Co_3:6 b).</p><p> The tree of life causes man to be dependent on God ( Joh_15:5 ), whereas the tree of knowledge causes man to rebel against God and to be independent from Him (cf. Gen_3:5 ). The two trees issue in two lines-the line of life and the line of death-that run through the entire Bible and end in the book of Revelation. Death begins with the tree of knowledge (v. 17) and ends with the lake of fire ( Rev_20:10 , 14). Life begins with the tree of life and ends in the New Jerusalem, the city of the water of life ( Gen_22:1-2 ).</p>"
chssmp,1.0,创世记,1.0,1.0,1.0,起 初 ， 神 创 造 天 地 。,
chssmp,2.0,创世记,1.0,1.0,2.0,地 是 空 虚 混 沌 ， 渊 面 黑 暗 ； 神 的 灵 运 行 在 水 面 上 。,
chssmp,3.0,创世记,1.0,1.0,3.0,神 说 ： 要 有 光 ， 就 有 了 光 。,
chssmp,4.0,创世记,1.0,1.0,4.0,神 看 光 是 好 的 ， 就 把 光 暗 分 开 了 。,
chssmp,5.0,创世记,1.0,1.0,5.0,神 称 光 为 昼 ， 称 暗 为 夜 。 有 晚 上 ， 有 早 晨 ， 这 是 头 一 日 。,
chssmp,6.0,创世记,1.0,1.0,6.0,神 说 ： 诸 水 之 间 要 有 空 气 ， 将 水 分 为 上 下 。,
chssmp,7.0,创世记,1.0,1.0,7.0,神 就 造 出 空 气 ， 将 空 气 以 下 的 水 、 空 气 以 上 的 水 分 开 了 。 事 就 这 样 成 了 。,
chssmp,8.0,创世记,1.0,1.0,8.0,神 称 空 气 为 天 。 有 晚 上 ， 有 早 晨 ， 是 第 二 日 。,
chssmp,9.0,创世记,1.0,1.0,9.0,神 说 ： 天 下 的 水 要 聚 在 一 处 ， 使 旱 地 露 出 来 。 事 就 这 样 成 了 。,
chssmp,10.0,创世记,1.0,1.0,10.0,神 称 旱 地 为 地 ， 称 水 的 聚 处 为 海 。 神 看 着 是 好 的 。,
chssmp,11.0,创世记,1.0,1.0,11.0,神 说 ： 地 要 发 生 青 草 和 结 种 子 的 菜 蔬 ， 并 结 果 子 的 树 木 ， 各 从 其 类 ， 果 子 都 包 着 核 。 事 就 这 样 成 了 。,
chssmp,12.0,创世记,1.0,1.0,12.0,於 是 地 发 生 了 青 草 和 结 种 子 的 菜 蔬 ， 各 从 其 类 ； 并 结 果 子 的 树 木 ， 各 从 其 类 ； 果 子 都 包 着 核 。 神 看 着 是 好 的 。,
chssmp,13.0,创世记,1.0,1.0,13.0,有 晚 上 ， 有 早 晨 ， 是 第 三 日 。,
chssmp,14.0,创世记,1.0,1.0,14.0,神 说 ： 天 上 要 有 光 体 ， 可 以 分 昼 夜 ， 作 记 号 ， 定 节 令 、 日 子 、 年 岁 ，,
chssmp,15.0,创世记,1.0,1.0,15.0,并 要 发 光 在 天 空 ， 普 照 在 地 上 。 事 就 这 样 成 了 。,
chssmp,16.0,创世记,1.0,1.0,16.0,於 是 神 造 了 两 个 大 光 ， 大 的 管 昼 ， 小 的 管 夜 ， 又 造 众 星 ，,
chssmp,17.0,创世记,1.0,1.0,17.0,就 把 这 些 光 摆 列 在 天 空 ， 普 照 在 地 上 ，,
chssmp,18.0,创世记,1.0,1.0,18.0,管 理 昼 夜 ， 分 别 明 暗 。 神 看 着 是 好 的 。,
chssmp,19.0,创世记,1.0,1.0,19.0,有 晚 上 ， 有 早 晨 ， 是 第 四 日 。,
chssmp,20.0,创世记,1.0,1.0,20.0,神 说 ： 水 要 多 多 滋 生 有 生 命 的 物 ； 要 有 雀 鸟 飞 在 地 面 以 上 ， 天 空 之 中 。,
chssmp,21.0,创世记,1.0,1.0,21.0,神 就 造 出 大 鱼 和 水 中 所 滋 生 各 样 有 生 命 的 动 物 ， 各 从 其 类 ； 又 造 出 各 样 飞 鸟 ， 各 从 其 类 。 神 看 着 是 好 的 。,
chssmp,22.0,创世记,1.0,1.0,22.0,神 就 赐 福 给 这 一 切 ， 说 ： 滋 生 繁 多 ， 充 满 海 中 的 水 ； 雀 鸟 也 要 多 生 在 地 上 。,
chssmp,23.0,创世记,1.0,1.0,23.0,有 晚 上 ， 有 早 晨 ， 是 第 五 日 。,
chssmp,24.0,创世记,1.0,1.0,24.0,神 说 ： 地 要 生 出 活 物 来 ， 各 从 其 类 ； 牲 畜 、 昆 虫 、 地 上 的 野 兽 ， 各 从 其 类 。 事 就 这 样 成 了 。,
chssmp,25.0,创世记,1.0,1.0,25.0,於 是 神 造 出 野 兽 ， 各 从 其 类 ； 牲 畜 ， 各 从 其 类 ； 地 上 一 切 昆 虫 ， 各 从 其 类 。 神 看 着 是 好 的 。,
chssmp,26.0,创世记,1.0,1.0,26.0,神 说 ： 我 们 要 照 着 我 们 的 形 像 、 按 着 我 们 的 样 式 造 人 ， 使 他 们 管 理 海 里 的 鱼 、 空 中 的 鸟 、 地 上 的 牲 畜 ， 和 全 地 ， 并 地 上 所 爬 的 一 切 昆 虫 。,
chssmp,27.0,创世记,1.0,1.0,27.0,神 就 照 着 自 己 的 形 像 造 人 ， 乃 是 照 着 他 的 形 像 造 男 造 女 。,
chssmp,28.0,创世记,1.0,1.0,28.0,神 就 赐 福 给 他 们 ， 又 对 他 们 说 ： 要 生 养 众 多 ， 遍 满 地 面 ， 治 理 这 地 ， 也 要 管 理 海 里 的 鱼 、 空 中 的 鸟 ， 和 地 上 各 样 行 动 的 活 物 。,
chssmp,29.0,创世记,1.0,1.0,29.0,神 说 ： 看 哪 ， 我 将 遍 地 上 一 切 结 种 子 的 菜 蔬 和 一 切 树 上 所 结 有 核 的 果 子 全 赐 给 你 们 作 食 物 。,
chssmp,30.0,创世记,1.0,1.0,30.0,至 於 地 上 的 走 兽 和 空 中 的 飞 鸟 ， 并 各 样 爬 在 地 上 有 生 命 的 物 ， 我 将 青 草 赐 给 他 们 作 食 物 。 事 就 这 样 成 了 。,
chssmp,31.0,创世记,1.0,1.0,31.0,神 看 着 一 切 所 造 的 都 甚 好 。 有 晚 上 ， 有 早 晨 ， 是 第 六 日 。,
chssmp,32.0,创世记,1.0,2.0,1.0,天 地 万 物 都 造 齐 了 。,
chssmp,33.0,创世记,1.0,2.0,2.0,到 第 七 日 ， 神 造 物 的 工 已 经 完 毕 ， 就 在 第 七 日 歇 了 他 一 切 的 工 ， 安 息 了 。,
chssmp,34.0,创世记,1.0,2.0,3.0,神 赐 福 给 第 七 日 ， 定 为 圣 日 ； 因 为 在 这 日 ， 神 歇 了 他 一 切 创 造 的 工 ， 就 安 息 了 。,
chssmp,35.0,创世记,1.0,2.0,4.0,创 造 天 地 的 来 历 ， 在 耶 和 华 神 造 天 地 的 日 子 ， 乃 是 这 样 ，,
chssmp,36.0,创世记,1.0,2.0,5.0,野 地 还 没 有 草 木 ， 田 间 的 菜 蔬 还 没 有 长 起 来 ； 因 为 耶 和 华 神 还 没 有 降 雨 在 地 上 ， 也 没 有 人 耕 地 ，,
chssmp,37.0,创世记,1.0,2.0,6.0,但 有 雾 气 从 地 上 腾 ， 滋 润 遍 地 。,
chssmp,38.0,创世记,1.0,2.0,7.0,耶 和 华 神 用 地 上 的 尘 土 造 人 ， 将 生 气 吹 在 他 鼻 孔 里 ， 他 就 成 了 有 灵 的 活 人 ， 名 叫 亚 当 。,
chssmp,39.0,创世记,1.0,2.0,8.0,耶 和 华 神 在 东 方 的 伊 甸 立 了 一 个 园 子 ， 把 所 造 的 人 安 置 在 那 里 。,
chssmp,40.0,创世记,1.0,2.0,9.0,耶 和 华 神 使 各 样 的 树 从 地 里 长 出 来 ， 可 以 悦 人 的 眼 目 ， 其 上 的 果 子 好 作 食 物 。 园 子 当 中 又 有 生 命 树 和 分 别 善 恶 的 树 。,
